taxon_unit_rtu,taxon_unit_species,taxon_unit_genus,taxon_unit_family,taxo_level,species_key,binomial,genus,family,order,class,valid_name,name
species:cdnom:9291,species:cdnom:9291,genus:Anisodactylus,family:Carabidae,species,cdnom:9291,Anisodactylus binotatus,Anisodactylus,Carabidae,Coleoptera,Insecta,"Anisodactylus binotatus (Fabricius, 1787)",Anisodactylus binotatus
species:cdnom:222447,species:cdnom:222447,genus:Harpalus,family:Carabidae,species,cdnom:222447,Harpalus dispar,Harpalus,Carabidae,Coleoptera,Insecta,"Harpalus dispar Dejean, 1829",Harpalus dispar
species:cdnom:222448,species:cdnom:222448,genus:Harpalus,family:Carabidae,species,cdnom:222448,Harpalus punctatostriatus,Harpalus,Carabidae,Coleoptera,Insecta,"Harpalus punctatostriatus Dejean, 1829",Harpalus punctatostriatus
species:cdnom:9304,species:cdnom:9304,genus:Harpalus,family:Carabidae,species,cdnom:9304,Harpalus dimidiatus,Harpalus,Carabidae,Coleoptera,Insecta,"Harpalus dimidiatus (Rossi, 1790)",Harpalus dimidiatus
species:cdnom:222579,species:cdnom:222579,genus:Pterostichus,family:Carabidae,species,cdnom:222579,Pterostichus madidus,Pterostichus,Carabidae,Coleoptera,Insecta,"Pterostichus madidus (Fabricius, 1775)",Pterostichus madidus
species:cdnom:222607,species:cdnom:222607,genus:Abax,family:Carabidae,species,cdnom:222607,Abax parallelepipedus,Abax,Carabidae,Coleoptera,Insecta,"Abax parallelepipedus (Piller & Mitterpacher, 1783)",Abax parallelepipedus
species:cdnom:8369,species:cdnom:8369,genus:Carabus,family:Carabidae,species,cdnom:8369,Carabus auronitens,Carabus,Carabidae,Coleoptera,Insecta,"Carabus auronitens Fabricius, 1792",Carabus auronitens
species:cdnom:8428,species:cdnom:8428,genus:Carabus,family:Carabidae,species,cdnom:8428,Carabus problematicus,Carabus,Carabidae,Coleoptera,Insecta,"Carabus problematicus Herbst, 1786",Carabus problematicus
species:cdnom:8347,species:cdnom:8347,genus:Cychrus,family:Carabidae,species,cdnom:8347,Cychrus attenuatus,Cychrus,Carabidae,Coleoptera,Insecta,"Cychrus attenuatus (Fabricius, 1792)",Cychrus attenuatus
species:cdnom:222455,species:cdnom:222455,genus:Harpalus,family:Carabidae,species,cdnom:222455,Harpalus laevipes,Harpalus,Carabidae,Coleoptera,Insecta,"Harpalus laevipes Zetterstedt, 1828",Harpalus laevipes
species:cdnom:9100,species:cdnom:9100,genus:Pterostichus,family:Carabidae,species,cdnom:9100,Pterostichus oblongopunctatus,Pterostichus,Carabidae,Coleoptera,Insecta,"Pterostichus oblongopunctatus (Fabricius, 1787)",Pterostichus oblongopunctatus
species:cdnom:8381,species:cdnom:8381,genus:Carabus,family:Carabidae,species,cdnom:8381,Carabus convexus,Carabus,Carabidae,Coleoptera,Insecta,"Carabus convexus Fabricius, 1775",Carabus convexus
species:cdnom:9327,species:cdnom:9327,genus:Harpalus,family:Carabidae,species,cdnom:9327,Harpalus rubripes,Harpalus,Carabidae,Coleoptera,Insecta,"Harpalus rubripes (Duftschmid, 1812)",Harpalus rubripes
species:cdnom:9157,species:cdnom:9157,genus:Abax,family:Carabidae,species,cdnom:9157,Abax ovalis,Abax,Carabidae,Coleoptera,Insecta,"Abax ovalis (Duftschmid, 1812)",Abax ovalis
species:cdnom:9158,species:cdnom:9158,genus:Abax,family:Carabidae,species,cdnom:9158,Abax parallelus,Abax,Carabidae,Coleoptera,Insecta,"Abax parallelus (Duftschmid, 1812)",Abax parallelus
species:cdnom:8410,species:cdnom:8410,genus:Carabus,family:Carabidae,species,cdnom:8410,Carabus nemoralis,Carabus,Carabidae,Coleoptera,Insecta,"Carabus nemoralis O.F. Müller, 1764",Carabus nemoralis
species:cdnom:8503,species:cdnom:8503,genus:Leistus,family:Carabidae,species,cdnom:8503,Leistus spinibarbis,Leistus,Carabidae,Coleoptera,Insecta,"Leistus spinibarbis (Fabricius, 1775)",Leistus spinibarbis
species:cdnom:8506,species:cdnom:8506,genus:Nebria,family:Carabidae,species,cdnom:8506,Nebria brevicollis,Nebria,Carabidae,Coleoptera,Insecta,"Nebria brevicollis (Fabricius, 1792)",Nebria brevicollis
family:Carabidae,NA,NA,family:Carabidae,family,NA,NA,NA,Carabidae,Coleoptera,Insecta,"Carabidae Latreille, 1802",Carabidae
genus:Leistus,NA,genus:Leistus,family:Carabidae,genus,NA,NA,Leistus,Carabidae,Coleoptera,Insecta,"Leistus Fröhlich, 1799",Leistus
species:cdnom:8343,species:cdnom:8343,genus:Calosoma,family:Carabidae,species,cdnom:8343,Calosoma inquisitor,Calosoma,Carabidae,Coleoptera,Insecta,"Calosoma inquisitor (Linnaeus, 1758)",Calosoma inquisitor
species:cdnom:9192,species:cdnom:9192,genus:Amara,family:Carabidae,species,cdnom:9192,Amara aenea,Amara,Carabidae,Coleoptera,Insecta,"Amara aenea (De Geer, 1774)",Amara aenea
species:cdnom:9278,species:cdnom:9278,genus:Brachinus,family:Carabidae,species,cdnom:9278,Brachinus explodens,Brachinus,Carabidae,Coleoptera,Insecta,"Brachinus explodens Duftschmid, 1812",Brachinus explodens
species:cdnom:8358,species:cdnom:8358,genus:Carabus,family:Carabidae,species,cdnom:8358,Carabus auratus,Carabus,Carabidae,Coleoptera,Insecta,"Carabus auratus Linnaeus, 1761",Carabus auratus
species:cdnom:9298,species:cdnom:9298,genus:Harpalus,family:Carabidae,species,cdnom:9298,Harpalus anxius,Harpalus,Carabidae,Coleoptera,Insecta,"Harpalus anxius (Duftschmid, 1812)",Harpalus anxius
species:cdnom:222486,species:cdnom:222486,genus:Ophonus,family:Carabidae,species,cdnom:222486,Ophonus laticollis,Ophonus,Carabidae,Coleoptera,Insecta,"Ophonus laticollis Mannerheim, 1825",Ophonus laticollis
species:cdnom:222541,species:cdnom:222541,genus:Poecilus,family:Carabidae,species,cdnom:222541,Poecilus versicolor,Poecilus,Carabidae,Coleoptera,Insecta,"Poecilus versicolor (Sturm, 1824)",Poecilus versicolor
species:cdnom:222466,species:cdnom:222466,genus:Pseudoophonus,family:Carabidae,species,cdnom:222466,Pseudoophonus rufipes,Pseudoophonus,Carabidae,Coleoptera,Insecta,"Pseudoophonus rufipes (De Geer, 1774)",Pseudoophonus rufipes
species:cdnom:222335,species:cdnom:222335,genus:Microlestes,family:Carabidae,species,cdnom:222335,Microlestes luctuosus,Microlestes,Carabidae,Coleoptera,Insecta,"Microlestes luctuosus Holdhaus in Apfelbeck, 1904",Microlestes luctuosus
species:cdnom:194730,species:cdnom:194730,NA,family:Carabidae,species,cdnom:194730,NA,NA,Carabidae,Coleoptera,Insecta,"Microlestes Schmidt-Gödel, 1846",Microlestes
species:cdnom:9200,species:cdnom:9200,genus:Amara,family:Carabidae,species,cdnom:9200,Amara convexior,Amara,Carabidae,Coleoptera,Insecta,"Amara convexior Stephens, 1828",Amara convexior
species:cdnom:8782,species:cdnom:8782,genus:Calathus,family:Carabidae,species,cdnom:8782,Calathus fuscipes,Calathus,Carabidae,Coleoptera,Insecta,"Calathus fuscipes (Goeze, 1777)",Calathus fuscipes
species:cdnom:9287,species:cdnom:9287,genus:Diachromus,family:Carabidae,species,cdnom:9287,Diachromus germanus,Diachromus,Carabidae,Coleoptera,Insecta,"Diachromus germanus (Linnaeus, 1758)",Diachromus germanus
species:cdnom:9316,species:cdnom:9316,genus:Harpalus,family:Carabidae,species,cdnom:9316,Harpalus tardus,Harpalus,Carabidae,Coleoptera,Insecta,"Harpalus tardus (Panzer, 1797)",Harpalus tardus
species:cdnom:9419,species:cdnom:9419,genus:Microlestes,family:Carabidae,species,cdnom:9419,Microlestes minutulus,Microlestes,Carabidae,Coleoptera,Insecta,"Microlestes minutulus (Goeze, 1777)",Microlestes minutulus
species:cdnom:8532,species:cdnom:8532,genus:Notiophilus,family:Carabidae,species,cdnom:8532,Notiophilus rufipes,Notiophilus,Carabidae,Coleoptera,Insecta,"Notiophilus rufipes Curtis, 1829",Notiophilus rufipes
genus:Asaphidion,NA,genus:Asaphidion,family:Carabidae,genus,NA,NA,Asaphidion,Carabidae,Coleoptera,Insecta,"Asaphidion Gozis, 1886",Asaphidion
species:cdnom:9165,species:cdnom:9165,genus:Molops,family:Carabidae,species,cdnom:9165,Molops piceus,Molops,Carabidae,Coleoptera,Insecta,"Molops piceus (Panzer, 1793)",Molops piceus
species:cdnom:8729,species:cdnom:8729,genus:Trechus,family:Carabidae,species,cdnom:8729,Trechus quadristriatus,Trechus,Carabidae,Coleoptera,Insecta,"Trechus quadristriatus (Schrank, 1781)",Trechus quadristriatus
species:cdnom:222539,species:cdnom:222539,genus:Poecilus,family:Carabidae,species,cdnom:222539,Poecilus cupreus,Poecilus,Carabidae,Coleoptera,Insecta,"Poecilus cupreus (Linnaeus, 1758)",Poecilus cupreus
species:cdnom:8639,species:cdnom:8639,genus:Bembidion,family:Carabidae,species,cdnom:8639,Bembidion obtusum,Bembidion,Carabidae,Coleoptera,Insecta,"Bembidion obtusum Audinet-Serville, 1821",Bembidion obtusum
species:cdnom:8548,species:cdnom:8548,genus:Clivina,family:Carabidae,species,cdnom:8548,Clivina fossor,Clivina,Carabidae,Coleoptera,Insecta,"Clivina fossor (Linnaeus, 1758)",Clivina fossor
species:cdnom:222559,species:cdnom:222559,genus:Pterostichus,family:Carabidae,species,cdnom:222559,Pterostichus anthracinus,Pterostichus,Carabidae,Coleoptera,Insecta,"Pterostichus anthracinus (Illiger, 1798)",Pterostichus anthracinus
species:cdnom:794296,species:cdnom:794296,genus:Bembidion,family:Carabidae,species,cdnom:794296,Bembidion lunulatum,Bembidion,Carabidae,Coleoptera,Insecta,"Bembidion lunulatum (Geoffroy, 1785)",Bembidion lunulatum
species:cdnom:222441,species:cdnom:222441,genus:Parophonus,family:Carabidae,species,cdnom:222441,Parophonus maculicornis,Parophonus,Carabidae,Coleoptera,Insecta,"Parophonus maculicornis (Duftschmid, 1812)",Parophonus maculicornis
species:cdnom:9193,species:cdnom:9193,genus:Amara,family:Carabidae,species,cdnom:9193,Amara communis,Amara,Carabidae,Coleoptera,Insecta,"Amara communis (Panzer, 1796)",Amara communis
species:cdnom:9306,species:cdnom:9306,genus:Harpalus,family:Carabidae,species,cdnom:9306,Harpalus distinguendus,Harpalus,Carabidae,Coleoptera,Insecta,"Harpalus distinguendus (Duftschmid, 1812)",Harpalus distinguendus
species:cdnom:8628,species:cdnom:8628,genus:Bembidion,family:Carabidae,species,cdnom:8628,Bembidion properans,Bembidion,Carabidae,Coleoptera,Insecta,"Bembidion properans (Stephens, 1828)",Bembidion properans
species:cdnom:222383,species:cdnom:222383,genus:Anchomenus,family:Carabidae,species,cdnom:222383,Anchomenus dorsalis,Anchomenus,Carabidae,Coleoptera,Insecta,"Anchomenus dorsalis (Pontoppidan, 1763)",Anchomenus dorsalis
species:cdnom:794298,species:cdnom:794298,genus:Bembidion,family:Carabidae,species,cdnom:794298,Bembidion tethys,Bembidion,Carabidae,Coleoptera,Insecta,"Bembidion tethys Netolitzky, 1926",Bembidion tethys
species:cdnom:193094,species:cdnom:193094,NA,family:Carabidae,species,cdnom:193094,NA,NA,Carabidae,Coleoptera,Insecta,"Harpalus Latreille, 1802",Harpalus
species:cdnom:222449,species:cdnom:222449,genus:Harpalus,family:Carabidae,species,cdnom:222449,Harpalus affinis,Harpalus,Carabidae,Coleoptera,Insecta,"Harpalus affinis (Schrank, 1781)",Harpalus affinis
species:cdnom:795216,species:cdnom:795216,genus:Bembidion,family:Carabidae,species,cdnom:795216,Bembidion callosum,Bembidion,Carabidae,Coleoptera,Insecta,"Bembidion callosum Küster, 1847",Bembidion callosum
species:cdnom:8526,species:cdnom:8526,genus:Notiophilus,family:Carabidae,species,cdnom:8526,Notiophilus biguttatus,Notiophilus,Carabidae,Coleoptera,Insecta,"Notiophilus biguttatus (Fabricius, 1779)",Notiophilus biguttatus
species:cdnom:8632,species:cdnom:8632,genus:Bembidion,family:Carabidae,species,cdnom:8632,Bembidion lampros,Bembidion,Carabidae,Coleoptera,Insecta,"Bembidion lampros (Herbst, 1784)",Bembidion lampros
species:cdnom:222478,species:cdnom:222478,genus:Ophonus,family:Carabidae,species,cdnom:222478,Ophonus azureus,Ophonus,Carabidae,Coleoptera,Insecta,"Ophonus azureus (Fabricius, 1775)",Ophonus azureus
species:cdnom:9353,species:cdnom:9353,genus:Acupalpus,family:Carabidae,species,cdnom:9353,Acupalpus meridianus,Acupalpus,Carabidae,Coleoptera,Insecta,"Acupalpus meridianus (Linnaeus, 1761)",Acupalpus meridianus
species:cdnom:223010,species:cdnom:223010,genus:Notiophilus,family:Carabidae,species,cdnom:223010,Notiophilus germinyi,Notiophilus,Carabidae,Coleoptera,Insecta,"Notiophilus germinyi Fauvel, 1863",Notiophilus germinyi
species:cdnom:9277,species:cdnom:9277,genus:Brachinus,family:Carabidae,species,cdnom:9277,Brachinus crepitans,Brachinus,Carabidae,Coleoptera,Insecta,"Brachinus crepitans (Linnaeus, 1758)",Brachinus crepitans
species:cdnom:0,species:cdnom:0,genus:Brachinus,family:Carabidae,species,cdnom:0,Brachinus elegans,Brachinus,Carabidae,Coleoptera,Insecta,"Brachinus elegans Chaudoir, 1842",Brachinus elegans
species:cdnom:9280,species:cdnom:9280,genus:Brachinus,family:Carabidae,species,cdnom:9280,Brachinus psophia,Brachinus,Carabidae,Coleoptera,Insecta,"Brachinus psophia Audinet-Serville, 1821",Brachinus psophia
species:cdnom:9285,species:cdnom:9285,genus:Brachinus,family:Carabidae,species,cdnom:9285,Brachinus sclopeta,Brachinus,Carabidae,Coleoptera,Insecta,"Brachinus sclopeta (Fabricius, 1792)",Brachinus sclopeta
species:cdnom:9275,species:cdnom:9275,genus:Gynandromorphus,family:Carabidae,species,cdnom:9275,Gynandromorphus etruscus,Gynandromorphus,Carabidae,Coleoptera,Insecta,"Gynandromorphus etruscus (Quensel in Schönherr, 1806)",Gynandromorphus etruscus
species:cdnom:8531,species:cdnom:8531,genus:Notiophilus,family:Carabidae,species,cdnom:8531,Notiophilus quadripunctatus,Notiophilus,Carabidae,Coleoptera,Insecta,"Notiophilus quadripunctatus Dejean, 1826",Notiophilus quadripunctatus
species:cdnom:222940,species:cdnom:222940,genus:Asaphidion,family:Carabidae,species,cdnom:222940,Asaphidion curtum,Asaphidion,Carabidae,Coleoptera,Insecta,"Asaphidion curtum (Heyden, 1870)",Asaphidion curtum
species:cdnom:8838,species:cdnom:8838,genus:Platynus,family:Carabidae,species,cdnom:8838,Platynus assimilis,Platynus,Carabidae,Coleoptera,Insecta,"Platynus assimilis (Paykull, 1790)",Platynus assimilis
species:cdnom:222552,species:cdnom:222552,genus:Pterostichus,family:Carabidae,species,cdnom:222552,Pterostichus ovoideus,Pterostichus,Carabidae,Coleoptera,Insecta,"Pterostichus ovoideus (Sturm, 1824)",Pterostichus ovoideus
species:cdnom:794337,species:cdnom:794337,genus:Chlaenius,family:Carabidae,species,cdnom:794337,Chlaenius tibialis,Chlaenius,Carabidae,Coleoptera,Insecta,"Chlaenius tibialis Dejean, 1826",Chlaenius tibialis
species:cdnom:9389,species:cdnom:9389,genus:Chlaenius,family:Carabidae,species,cdnom:9389,Chlaenius vestitus,Chlaenius,Carabidae,Coleoptera,Insecta,"Chlaenius vestitus (Paykull, 1790)",Chlaenius vestitus
species:cdnom:222829,species:cdnom:222829,genus:Tachyura,family:Carabidae,species,cdnom:222829,Tachyura parvula,Tachyura,Carabidae,Coleoptera,Insecta,"Tachyura parvula (Dejean, 1831)",Tachyura parvula
species:cdnom:8784,species:cdnom:8784,genus:Calathus,family:Carabidae,species,cdnom:8784,Calathus melanocephalus,Calathus,Carabidae,Coleoptera,Insecta,"Calathus melanocephalus (Linnaeus, 1758)",Calathus melanocephalus
species:cdnom:8239,species:cdnom:8239,genus:Syntomus,family:Carabidae,species,cdnom:8239,Syntomus foveatus,Syntomus,Carabidae,Coleoptera,Insecta,"Syntomus foveatus (Geoffroy in Fourcroy, 1785)",Syntomus foveatus
species:cdnom:222315,species:cdnom:222315,genus:Syntomus,family:Carabidae,species,cdnom:222315,Syntomus obscuroguttatus,Syntomus,Carabidae,Coleoptera,Insecta,"Syntomus obscuroguttatus (Duftschmid, 1812)",Syntomus obscuroguttatus
species:cdnom:222355,species:cdnom:222355,genus:Calathus,family:Carabidae,species,cdnom:222355,Calathus ambiguus,Calathus,Carabidae,Coleoptera,Insecta,"Calathus ambiguus (Paykull, 1790)",Calathus ambiguus
genus:Calathus,NA,genus:Calathus,family:Carabidae,genus,NA,NA,Calathus,Carabidae,Coleoptera,Insecta,"Calathus Bonelli, 1810",Calathus
species:cdnom:9231,species:cdnom:9231,genus:Amara,family:Carabidae,species,cdnom:9231,Amara similata,Amara,Carabidae,Coleoptera,Insecta,"Amara similata (Gyllenhal, 1810)",Amara similata
species:cdnom:9435,species:cdnom:9435,genus:Demetrias,family:Carabidae,species,cdnom:9435,Demetrias atricapillus,Demetrias,Carabidae,Coleoptera,Insecta,"Demetrias atricapillus (Linnaeus, 1758)",Demetrias atricapillus
species:cdnom:8321,species:cdnom:8321,genus:Cicindela,family:Carabidae,species,cdnom:8321,Cicindela campestris,Cicindela,Carabidae,Coleoptera,Insecta,"Cicindela campestris Linnaeus, 1758",Cicindela campestris
species:cdnom:9207,species:cdnom:9207,genus:Amara,family:Carabidae,species,cdnom:9207,Amara kulti,Amara,Carabidae,Coleoptera,Insecta,"Amara kulti Fassati, 1947",Amara kulti
species:cdnom:222558,species:cdnom:222558,genus:Pterostichus,family:Carabidae,species,cdnom:222558,Pterostichus melanarius,Pterostichus,Carabidae,Coleoptera,Insecta,"Pterostichus melanarius (Illiger, 1798)",Pterostichus melanarius
species:cdnom:8700,species:cdnom:8700,genus:Tachys,family:Carabidae,species,cdnom:8700,Tachys bistriatus,Tachys,Carabidae,Coleoptera,Insecta,"Tachys bistriatus (Duftschmid, 1812)",Tachys bistriatus
species:cdnom:222456,species:cdnom:222456,genus:Harpalus,family:Carabidae,species,cdnom:222456,Harpalus luteicornis,Harpalus,Carabidae,Coleoptera,Insecta,"Harpalus luteicornis (Duftschmid, 1812)",Harpalus luteicornis
species:cdnom:8540,species:cdnom:8540,genus:Loricera,family:Carabidae,species,cdnom:8540,Loricera pilicornis,Loricera,Carabidae,Coleoptera,Insecta,"Loricera pilicornis (Fabricius, 1775)",Loricera pilicornis
species:cdnom:222945,species:cdnom:222945,genus:Asaphidion,family:Carabidae,species,cdnom:222945,Asaphidion stierlini,Asaphidion,Carabidae,Coleoptera,Insecta,"Asaphidion stierlini (Heyden, 1880)",Asaphidion stierlini
species:cdnom:780498,species:cdnom:780498,genus:Bembidion,family:Carabidae,species,cdnom:780498,Bembidion tetracolum,Bembidion,Carabidae,Coleoptera,Insecta,"Bembidion tetracolum Say, 1823",Bembidion tetracolum
species:cdnom:9136,species:cdnom:9136,genus:Pterostichus,family:Carabidae,species,cdnom:9136,Pterostichus vernalis,Pterostichus,Carabidae,Coleoptera,Insecta,"Pterostichus vernalis (Panzer, 1796)",Pterostichus vernalis
species:cdnom:8819,species:cdnom:8819,genus:Agonum,family:Carabidae,species,cdnom:8819,Agonum muelleri,Agonum,Carabidae,Coleoptera,Insecta,"Agonum muelleri (Herbst, 1784)",Agonum muelleri
species:cdnom:8533,species:cdnom:8533,genus:Notiophilus,family:Carabidae,species,cdnom:8533,Notiophilus substriatus,Notiophilus,Carabidae,Coleoptera,Insecta,"Notiophilus substriatus G.R. Waterhouse, 1833",Notiophilus substriatus
species:cdnom:8617,species:cdnom:8617,genus:Bembidion,family:Carabidae,species,cdnom:8617,Bembidion quadrimaculatum,Bembidion,Carabidae,Coleoptera,Insecta,"Bembidion quadrimaculatum (Linnaeus, 1761)",Bembidion quadrimaculatum
species:cdnom:9206,species:cdnom:9206,genus:Amara,family:Carabidae,species,cdnom:9206,Amara fulvipes,Amara,Carabidae,Coleoptera,Insecta,"Amara fulvipes (Audinet-Serville, 1821)",Amara fulvipes
species:cdnom:9310,species:cdnom:9310,genus:Harpalus,family:Carabidae,species,cdnom:9310,Harpalus serripes,Harpalus,Carabidae,Coleoptera,Insecta,"Harpalus serripes (Quensel in Schönherr, 1806)",Harpalus serripes
species:cdnom:8520,species:cdnom:8520,genus:Nebria,family:Carabidae,species,cdnom:8520,Nebria salina,Nebria,Carabidae,Coleoptera,Insecta,"Nebria salina Fairmaire & Laboulbène, 1854",Nebria salina
species:cdnom:794284,species:cdnom:794284,genus:Bembidion,family:Carabidae,species,cdnom:794284,Bembidion latinum,Bembidion,Carabidae,Coleoptera,Insecta,"Bembidion latinum Netolitzky, 1911",Bembidion latinum
species:cdnom:222409,species:cdnom:222409,genus:Anisodactylus,family:Carabidae,species,cdnom:222409,Anisodactylus signatus,Anisodactylus,Carabidae,Coleoptera,Insecta,"Anisodactylus signatus (Panzer, 1796)",Anisodactylus signatus
species:cdnom:9376,species:cdnom:9376,genus:Chlaenius,family:Carabidae,species,cdnom:9376,Chlaenius chrysocephalus,Chlaenius,Carabidae,Coleoptera,Insecta,"Chlaenius chrysocephalus (Rossi, 1790)",Chlaenius chrysocephalus
species:cdnom:222468,species:cdnom:222468,genus:Semiophonus,family:Carabidae,species,cdnom:222468,Semiophonus signaticornis,Semiophonus,Carabidae,Coleoptera,Insecta,"Semiophonus signaticornis (Duftschmid, 1812)",Semiophonus signaticornis
species:cdnom:9311,species:cdnom:9311,genus:Harpalus,family:Carabidae,species,cdnom:9311,Harpalus latus,Harpalus,Carabidae,Coleoptera,Insecta,"Harpalus latus (Linnaeus, 1758)",Harpalus latus
species:cdnom:8402,species:cdnom:8402,genus:Carabus,family:Carabidae,species,cdnom:8402,Carabus monilis,Carabus,Carabidae,Coleoptera,Insecta,"Carabus monilis Fabricius, 1792",Carabus monilis
species:cdnom:9078,species:cdnom:9078,genus:Pterostichus,family:Carabidae,species,cdnom:9078,Pterostichus cristatus,Pterostichus,Carabidae,Coleoptera,Insecta,"Pterostichus cristatus (L. Dufour, 1820)",Pterostichus cristatus
species:cdnom:222545,species:cdnom:222545,genus:Poecilus,family:Carabidae,species,cdnom:222545,Poecilus kugelanni,Poecilus,Carabidae,Coleoptera,Insecta,"Poecilus kugelanni (Panzer, 1797)",Poecilus kugelanni
species:cdnom:9230,species:cdnom:9230,genus:Amara,family:Carabidae,species,cdnom:9230,Amara tibialis,Amara,Carabidae,Coleoptera,Insecta,"Amara tibialis (Paykull, 1798)",Amara tibialis
species:cdnom:222450,species:cdnom:222450,genus:Harpalus,family:Carabidae,species,cdnom:222450,Harpalus cupreus,Harpalus,Carabidae,Coleoptera,Insecta,"Harpalus cupreus Dejean, 1829",Harpalus cupreus
species:cdnom:9300,species:cdnom:9300,genus:Harpalus,family:Carabidae,species,cdnom:9300,Harpalus attenuatus,Harpalus,Carabidae,Coleoptera,Insecta,"Harpalus attenuatus Stephens, 1828",Harpalus attenuatus
species:cdnom:8780,species:cdnom:8780,genus:Calathus,family:Carabidae,species,cdnom:8780,Calathus circumseptus,Calathus,Carabidae,Coleoptera,Insecta,"Calathus circumseptus Germar, 1823",Calathus circumseptus
species:cdnom:222557,species:cdnom:222557,genus:Pterostichus,family:Carabidae,species,cdnom:222557,Pterostichus niger,Pterostichus,Carabidae,Coleoptera,Insecta,"Pterostichus niger (Schaller, 1783)",Pterostichus niger
species:cdnom:9066,species:cdnom:9066,genus:Stomis,family:Carabidae,species,cdnom:9066,Stomis pumicatus,Stomis,Carabidae,Coleoptera,Insecta,"Stomis pumicatus (Panzer, 1796)",Stomis pumicatus
species:cdnom:9318,species:cdnom:9318,genus:Harpalus,family:Carabidae,species,cdnom:9318,Harpalus neglectus,Harpalus,Carabidae,Coleoptera,Insecta,"Harpalus neglectus Audinet-Serville, 1821",Harpalus neglectus
species:cdnom:9320,species:cdnom:9320,genus:Harpalus,family:Carabidae,species,cdnom:9320,Harpalus oblitus,Harpalus,Carabidae,Coleoptera,Insecta,"Harpalus oblitus Dejean, 1829",Harpalus oblitus
species:cdnom:9315,species:cdnom:9315,genus:Harpalus,family:Carabidae,species,cdnom:9315,Harpalus sulphuripes,Harpalus,Carabidae,Coleoptera,Insecta,"Harpalus sulphuripes Germar, 1823",Harpalus sulphuripes
species:cdnom:795439,species:cdnom:795439,genus:Poecilus,family:Carabidae,species,cdnom:795439,Poecilus sericeus,Poecilus,Carabidae,Coleoptera,Insecta,"Poecilus sericeus desbrochersi Jeannel, 1942",Poecilus sericeus desbrochersi
species:cdnom:222652,species:cdnom:222652,genus:Amara,family:Carabidae,species,cdnom:222652,Amara equestris,Amara,Carabidae,Coleoptera,Insecta,"Amara equestris (Duftschmid, 1812)",Amara equestris
species:cdnom:9168,species:cdnom:9168,genus:Cymindis,family:Carabidae,species,cdnom:9168,Cymindis axillaris,Cymindis,Carabidae,Coleoptera,Insecta,"Cymindis axillaris (Fabricius, 1794)",Cymindis axillaris
species:cdnom:222465,species:cdnom:222465,genus:Pseudoophonus,family:Carabidae,species,cdnom:222465,Pseudoophonus griseus,Pseudoophonus,Carabidae,Coleoptera,Insecta,"Pseudoophonus griseus (Panzer, 1797)",Pseudoophonus griseus
species:cdnom:222482,species:cdnom:222482,genus:Ophonus,family:Carabidae,species,cdnom:222482,Ophonus subquadratus,Ophonus,Carabidae,Coleoptera,Insecta,"Ophonus subquadratus (Dejean, 1829)",Ophonus subquadratus
species:cdnom:9103,species:cdnom:9103,genus:Pterostichus,family:Carabidae,species,cdnom:9103,Pterostichus strenuus,Pterostichus,Carabidae,Coleoptera,Insecta,"Pterostichus strenuus (Panzer, 1796)",Pterostichus strenuus
species:cdnom:8820,species:cdnom:8820,genus:Agonum,family:Carabidae,species,cdnom:8820,Agonum nigrum,Agonum,Carabidae,Coleoptera,Insecta,"Agonum nigrum Dejean, 1828",Agonum nigrum
species:cdnom:8379,species:cdnom:8379,genus:Carabus,family:Carabidae,species,cdnom:8379,Carabus cancellatus,Carabus,Carabidae,Coleoptera,Insecta,"Carabus cancellatus Illiger, 1798",Carabus cancellatus
species:cdnom:222508,species:cdnom:222508,genus:Badister,family:Carabidae,species,cdnom:222508,Badister bullatus,Badister,Carabidae,Coleoptera,Insecta,"Badister bullatus (Schrank, 1798)",Badister bullatus
species:cdnom:222538,species:cdnom:222538,genus:Pedius,family:Carabidae,species,cdnom:222538,Pedius longicollis,Pedius,Carabidae,Coleoptera,Insecta,"Pedius longicollis (Duftschmid, 1812)",Pedius longicollis
species:cdnom:251435,species:cdnom:251435,genus:Carabus,family:Carabidae,species,cdnom:251435,Carabus coriaceus,Carabus,Carabidae,Coleoptera,Insecta,"Carabus coriaceus coriaceus Linnaeus, 1758",Carabus coriaceus coriaceus
species:cdnom:8502,species:cdnom:8502,genus:Leistus,family:Carabidae,species,cdnom:8502,Leistus rufomarginatus,Leistus,Carabidae,Coleoptera,Insecta,"Leistus rufomarginatus (Duftschmid, 1812)",Leistus rufomarginatus
species:cdnom:8826,species:cdnom:8826,genus:Agonum,family:Carabidae,species,cdnom:8826,Agonum viridicupreum,Agonum,Carabidae,Coleoptera,Insecta,"Agonum viridicupreum (Goeze, 1777)",Agonum viridicupreum
species:cdnom:795386,species:cdnom:795386,genus:Bembidion,family:Carabidae,species,cdnom:795386,Bembidion callosum,Bembidion,Carabidae,Coleoptera,Insecta,"Bembidion callosum subconnexum de Monte, 1953",Bembidion callosum subconnexum
species:cdnom:794235,species:cdnom:794235,genus:Dyschirius,family:Carabidae,species,cdnom:794235,Dyschirius tristis,Dyschirius,Carabidae,Coleoptera,Insecta,"Dyschirius tristis Stephens, 1827",Dyschirius tristis
species:cdnom:795219,species:cdnom:795219,genus:Bembidion,family:Carabidae,species,cdnom:795219,Bembidion pyrenaeum,Bembidion,Carabidae,Coleoptera,Insecta,"Bembidion pyrenaeum Dejean, 1831",Bembidion pyrenaeum
species:cdnom:222568,species:cdnom:222568,genus:Pterostichus,family:Carabidae,species,cdnom:222568,Pterostichus colasi,Pterostichus,Carabidae,Coleoptera,Insecta,"Pterostichus colasi (Jeannel, 1937)",Pterostichus colasi
species:cdnom:222547,species:cdnom:222547,genus:Poecilus,family:Carabidae,species,cdnom:222547,Poecilus sericeus,Poecilus,Carabidae,Coleoptera,Insecta,"Poecilus sericeus Fischer von Waldheim, 1824",Poecilus sericeus
species:cdnom:222451,species:cdnom:222451,genus:Harpalus,family:Carabidae,species,cdnom:222451,Harpalus decipiens,Harpalus,Carabidae,Coleoptera,Insecta,"Harpalus decipiens Dejean, 1829",Harpalus decipiens
species:cdnom:9309,species:cdnom:9309,genus:Harpalus,family:Carabidae,species,cdnom:9309,Harpalus honestus,Harpalus,Carabidae,Coleoptera,Insecta,"Harpalus honestus (Duftschmid, 1812)",Harpalus honestus
species:cdnom:222356,species:cdnom:222356,genus:Calathus,family:Carabidae,species,cdnom:222356,Calathus cinctus,Calathus,Carabidae,Coleoptera,Insecta,"Calathus cinctus Motschulsky, 1850",Calathus cinctus
species:cdnom:9212,species:cdnom:9212,genus:Amara,family:Carabidae,species,cdnom:9212,Amara lunicollis,Amara,Carabidae,Coleoptera,Insecta,"Amara lunicollis Schiødte, 1837",Amara lunicollis
species:cdnom:8558,species:cdnom:8558,genus:Dyschirius,family:Carabidae,species,cdnom:8558,Dyschirius globosus,Dyschirius,Carabidae,Coleoptera,Insecta,"Dyschirius globosus (Herbst, 1784)",Dyschirius globosus
species:cdnom:9217,species:cdnom:9217,genus:Amara,family:Carabidae,species,cdnom:9217,Amara ovata,Amara,Carabidae,Coleoptera,Insecta,"Amara ovata (Fabricius, 1792)",Amara ovata
species:cdnom:222352,species:cdnom:222352,genus:Platyderus,family:Carabidae,species,cdnom:222352,Platyderus depressus,Platyderus,Carabidae,Coleoptera,Insecta,"Platyderus depressus (Audinet-Serville, 1821)",Platyderus depressus
species:cdnom:8447,species:cdnom:8447,genus:Carabus,family:Carabidae,species,cdnom:8447,Carabus coriaceus,Carabus,Carabidae,Coleoptera,Insecta,"Carabus coriaceus Linnaeus, 1758",Carabus coriaceus
