predictor,baseline_ispline_weight,scenario_ispline_weight,delta_ispline_weight,distance,assemblage_id,scenario,scenario_family,baseline_scenario,unit_type,iter
Geographic,0.6813744272157336,0.6813744272157336,0,Bray-Curtis,carabidae_pitfall,rtu_mixed_best_available,workflow,rtu_mixed_best_available,mixed_RTU,1
mos,1.4229562228400785,1.4229562228400785,0,Bray-Curtis,carabidae_pitfall,rtu_mixed_best_available,workflow,rtu_mixed_best_available,mixed_RTU,1
p_h,1.5870178096617784,1.5870178096617784,0,Bray-Curtis,carabidae_pitfall,rtu_mixed_best_available,workflow,rtu_mixed_best_available,mixed_RTU,1
t360_mean,2.51959056436102,2.51959056436102,0,Bray-Curtis,carabidae_pitfall,rtu_mixed_best_available,workflow,rtu_mixed_best_available,mixed_RTU,1
Geographic,1.0799726215468646,1.0799726215468646,0,Sørensen,carabidae_pitfall,rtu_mixed_best_available,workflow,rtu_mixed_best_available,mixed_RTU,1
mos,1.4299110672956101,1.4299110672956101,0,Sørensen,carabidae_pitfall,rtu_mixed_best_available,workflow,rtu_mixed_best_available,mixed_RTU,1
p_h,1.208645513212181,1.208645513212181,0,Sørensen,carabidae_pitfall,rtu_mixed_best_available,workflow,rtu_mixed_best_available,mixed_RTU,1
t360_mean,1.4915444582637796,1.4915444582637796,0,Sørensen,carabidae_pitfall,rtu_mixed_best_available,workflow,rtu_mixed_best_available,mixed_RTU,1
Geographic,0.6813744272157336,0.6879786004333655,0.006604173217631848,Bray-Curtis,carabidae_pitfall,rtu_species_only_drop_unresolved,workflow,rtu_mixed_best_available,species_only,1
mos,1.4229562228400785,1.4239334326062703,9.772097661917556e-4,Bray-Curtis,carabidae_pitfall,rtu_species_only_drop_unresolved,workflow,rtu_mixed_best_available,species_only,1
p_h,1.5870178096617784,1.5813912552609302,-0.005626554400848249,Bray-Curtis,carabidae_pitfall,rtu_species_only_drop_unresolved,workflow,rtu_mixed_best_available,species_only,1
t360_mean,2.51959056436102,2.576800215609529,0.05720965124850874,Bray-Curtis,carabidae_pitfall,rtu_species_only_drop_unresolved,workflow,rtu_mixed_best_available,species_only,1
Geographic,1.0799726215468646,1.10037895593722,0.02040633439035533,Sørensen,carabidae_pitfall,rtu_species_only_drop_unresolved,workflow,rtu_mixed_best_available,species_only,1
mos,1.4299110672956101,1.4474353417529278,0.017524274457317635,Sørensen,carabidae_pitfall,rtu_species_only_drop_unresolved,workflow,rtu_mixed_best_available,species_only,1
p_h,1.208645513212181,1.1851210234201468,-0.023524489792034142,Sørensen,carabidae_pitfall,rtu_species_only_drop_unresolved,workflow,rtu_mixed_best_available,species_only,1
t360_mean,1.4915444582637796,1.4901384630122485,-0.001405995251531067,Sørensen,carabidae_pitfall,rtu_species_only_drop_unresolved,workflow,rtu_mixed_best_available,species_only,1
Geographic,0.6813744272157336,0.7061842968899981,0.024809869674264462,Bray-Curtis,carabidae_pitfall,rtu_rare_species_to_genus,workflow,rtu_mixed_best_available,mixed_RTU,1
mos,1.4229562228400785,1.3764803813449886,-0.046475841495089876,Bray-Curtis,carabidae_pitfall,rtu_rare_species_to_genus,workflow,rtu_mixed_best_available,mixed_RTU,1
p_h,1.5870178096617784,1.5400266673901304,-0.04699114227164802,Bray-Curtis,carabidae_pitfall,rtu_rare_species_to_genus,workflow,rtu_mixed_best_available,mixed_RTU,1
t360_mean,2.51959056436102,2.31722721931444,-0.20236334504658027,Bray-Curtis,carabidae_pitfall,rtu_rare_species_to_genus,workflow,rtu_mixed_best_available,mixed_RTU,1
Geographic,1.0799726215468646,1.085608399213747,0.005635777666882502,Sørensen,carabidae_pitfall,rtu_rare_species_to_genus,workflow,rtu_mixed_best_available,mixed_RTU,1
mos,1.4299110672956101,1.3190852243941373,-0.11082584290147279,Sørensen,carabidae_pitfall,rtu_rare_species_to_genus,workflow,rtu_mixed_best_available,mixed_RTU,1
p_h,1.208645513212181,1.1374451006088375,-0.07120041260334342,Sørensen,carabidae_pitfall,rtu_rare_species_to_genus,workflow,rtu_mixed_best_available,mixed_RTU,1
t360_mean,1.4915444582637796,1.2364995902281581,-0.25504486803562143,Sørensen,carabidae_pitfall,rtu_rare_species_to_genus,workflow,rtu_mixed_best_available,mixed_RTU,1
Geographic,0.6820903256533672,0.6820903256533672,0,Bray-Curtis,carabidae_pitfall,rtu_mixed_genus_resolvable,resolution_genus,rtu_mixed_genus_resolvable,genus_resolvable_RTU,1
mos,1.4357858794908218,1.4357858794908218,0,Bray-Curtis,carabidae_pitfall,rtu_mixed_genus_resolvable,resolution_genus,rtu_mixed_genus_resolvable,genus_resolvable_RTU,1
p_h,1.57135791724356,1.57135791724356,0,Bray-Curtis,carabidae_pitfall,rtu_mixed_genus_resolvable,resolution_genus,rtu_mixed_genus_resolvable,genus_resolvable_RTU,1
t360_mean,2.5106527098970037,2.5106527098970037,0,Bray-Curtis,carabidae_pitfall,rtu_mixed_genus_resolvable,resolution_genus,rtu_mixed_genus_resolvable,genus_resolvable_RTU,1
Geographic,1.0727388723822864,1.0727388723822864,0,Sørensen,carabidae_pitfall,rtu_mixed_genus_resolvable,resolution_genus,rtu_mixed_genus_resolvable,genus_resolvable_RTU,1
mos,1.4532779684951243,1.4532779684951243,0,Sørensen,carabidae_pitfall,rtu_mixed_genus_resolvable,resolution_genus,rtu_mixed_genus_resolvable,genus_resolvable_RTU,1
p_h,1.207149650754991,1.207149650754991,0,Sørensen,carabidae_pitfall,rtu_mixed_genus_resolvable,resolution_genus,rtu_mixed_genus_resolvable,genus_resolvable_RTU,1
t360_mean,1.4974978001184642,1.4974978001184642,0,Sørensen,carabidae_pitfall,rtu_mixed_genus_resolvable,resolution_genus,rtu_mixed_genus_resolvable,genus_resolvable_RTU,1
Geographic,0.6820903256533672,0.5194119020671948,-0.16267842358617246,Bray-Curtis,carabidae_pitfall,rtu_genus_level,resolution_genus,rtu_mixed_genus_resolvable,genus_units,1
mos,1.4357858794908218,0.2025562714236671,-1.2332296080671548,Bray-Curtis,carabidae_pitfall,rtu_genus_level,resolution_genus,rtu_mixed_genus_resolvable,genus_units,1
p_h,1.57135791724356,0.748167360613366,-0.8231905566301941,Bray-Curtis,carabidae_pitfall,rtu_genus_level,resolution_genus,rtu_mixed_genus_resolvable,genus_units,1
t360_mean,2.5106527098970037,0.6431772897654643,-1.8674754201315396,Bray-Curtis,carabidae_pitfall,rtu_genus_level,resolution_genus,rtu_mixed_genus_resolvable,genus_units,1
Geographic,1.0727388723822864,0.5212367949345872,-0.5515020774476992,Sørensen,carabidae_pitfall,rtu_genus_level,resolution_genus,rtu_mixed_genus_resolvable,genus_units,1
mos,1.4532779684951243,0.5689129485402584,-0.8843650199548658,Sørensen,carabidae_pitfall,rtu_genus_level,resolution_genus,rtu_mixed_genus_resolvable,genus_units,1
p_h,1.207149650754991,0.6150063139512711,-0.5921433368037199,Sørensen,carabidae_pitfall,rtu_genus_level,resolution_genus,rtu_mixed_genus_resolvable,genus_units,1
t360_mean,1.4974978001184642,0.333111735035815,-1.1643860650826492,Sørensen,carabidae_pitfall,rtu_genus_level,resolution_genus,rtu_mixed_genus_resolvable,genus_units,1
Geographic,0.6879786004333655,0.6879786004333655,0,Bray-Curtis,carabidae_pitfall,species_baseline,species_error,species_baseline,species_units,1
mos,1.4239334326062703,1.4239334326062703,0,Bray-Curtis,carabidae_pitfall,species_baseline,species_error,species_baseline,species_units,1
p_h,1.5813912552609302,1.5813912552609302,0,Bray-Curtis,carabidae_pitfall,species_baseline,species_error,species_baseline,species_units,1
t360_mean,2.576800215609529,2.576800215609529,0,Bray-Curtis,carabidae_pitfall,species_baseline,species_error,species_baseline,species_units,1
Geographic,1.10037895593722,1.10037895593722,0,Sørensen,carabidae_pitfall,species_baseline,species_error,species_baseline,species_units,1
mos,1.4474353417529278,1.4474353417529278,0,Sørensen,carabidae_pitfall,species_baseline,species_error,species_baseline,species_units,1
p_h,1.1851210234201468,1.1851210234201468,0,Sørensen,carabidae_pitfall,species_baseline,species_error,species_baseline,species_units,1
t360_mean,1.4901384630122485,1.4901384630122485,0,Sørensen,carabidae_pitfall,species_baseline,species_error,species_baseline,species_units,1
Geographic,0.6879786004333655,0.5346669578218282,-0.1533116426115373,Bray-Curtis,carabidae_pitfall,species_observed_congeneric_10pct,species_error_observed_pool,species_baseline,species_units,1
mos,1.4239334326062703,1.3811131152682747,-0.04282031733799552,Bray-Curtis,carabidae_pitfall,species_observed_congeneric_10pct,species_error_observed_pool,species_baseline,species_units,1
p_h,1.5813912552609302,1.5283881704003257,-0.053003084860604455,Bray-Curtis,carabidae_pitfall,species_observed_congeneric_10pct,species_error_observed_pool,species_baseline,species_units,1
t360_mean,2.576800215609529,2.384220252839655,-0.19257996276987388,Bray-Curtis,carabidae_pitfall,species_observed_congeneric_10pct,species_error_observed_pool,species_baseline,species_units,1
Geographic,1.10037895593722,0.6800785710667985,-0.42030038487042143,Sørensen,carabidae_pitfall,species_observed_congeneric_10pct,species_error_observed_pool,species_baseline,species_units,1
mos,1.4474353417529278,1.4112147488163025,-0.03622059293662527,Sørensen,carabidae_pitfall,species_observed_congeneric_10pct,species_error_observed_pool,species_baseline,species_units,1
p_h,1.1851210234201468,1.1815209422867383,-0.0036000811334084837,Sørensen,carabidae_pitfall,species_observed_congeneric_10pct,species_error_observed_pool,species_baseline,species_units,1
t360_mean,1.4901384630122485,1.5442823237508077,0.054143860738559146,Sørensen,carabidae_pitfall,species_observed_congeneric_10pct,species_error_observed_pool,species_baseline,species_units,1
Geographic,0.6879786004333655,0.8009868293293047,0.1130082288959392,Bray-Curtis,carabidae_pitfall,species_observed_rare_weighted_10pct,species_error_rare_weighted,species_baseline,species_units,1
mos,1.4239334326062703,1.0870298162838101,-0.33690361632246013,Bray-Curtis,carabidae_pitfall,species_observed_rare_weighted_10pct,species_error_rare_weighted,species_baseline,species_units,1
p_h,1.5813912552609302,1.4179631961889776,-0.16342805907195257,Bray-Curtis,carabidae_pitfall,species_observed_rare_weighted_10pct,species_error_rare_weighted,species_baseline,species_units,1
t360_mean,2.576800215609529,1.9546832640762166,-0.6221169515333123,Bray-Curtis,carabidae_pitfall,species_observed_rare_weighted_10pct,species_error_rare_weighted,species_baseline,species_units,1
Geographic,1.10037895593722,1.1599774177738353,0.059598461836615435,Sørensen,carabidae_pitfall,species_observed_rare_weighted_10pct,species_error_rare_weighted,species_baseline,species_units,1
mos,1.4474353417529278,0.9275986546296574,-0.5198366871232704,Sørensen,carabidae_pitfall,species_observed_rare_weighted_10pct,species_error_rare_weighted,species_baseline,species_units,1
p_h,1.1851210234201468,1.0476599559656872,-0.13746106745445963,Sørensen,carabidae_pitfall,species_observed_rare_weighted_10pct,species_error_rare_weighted,species_baseline,species_units,1
t360_mean,1.4901384630122485,1.0842056960788418,-0.40593276693340674,Sørensen,carabidae_pitfall,species_observed_rare_weighted_10pct,species_error_rare_weighted,species_baseline,species_units,1
Geographic,0.6879786004333655,0.5959559650962021,-0.09202263533716337,Bray-Curtis,carabidae_pitfall,species_regional_congeneric_10pct,species_error_regional_pool,species_baseline,species_units,1
mos,1.4239334326062703,1.3959440981131583,-0.027989334493111917,Bray-Curtis,carabidae_pitfall,species_regional_congeneric_10pct,species_error_regional_pool,species_baseline,species_units,1
p_h,1.5813912552609302,1.5803212671066666,-0.0010699881542635126,Bray-Curtis,carabidae_pitfall,species_regional_congeneric_10pct,species_error_regional_pool,species_baseline,species_units,1
t360_mean,2.576800215609529,2.585382372483112,0.008582156873583102,Bray-Curtis,carabidae_pitfall,species_regional_congeneric_10pct,species_error_regional_pool,species_baseline,species_units,1
Geographic,1.10037895593722,1.1058035049255772,0.005424548988357314,Sørensen,carabidae_pitfall,species_regional_congeneric_10pct,species_error_regional_pool,species_baseline,species_units,1
mos,1.4474353417529278,1.4488606411065492,0.0014252993536214564,Sørensen,carabidae_pitfall,species_regional_congeneric_10pct,species_error_regional_pool,species_baseline,species_units,1
p_h,1.1851210234201468,1.1637145546994718,-0.021406468720674976,Sørensen,carabidae_pitfall,species_regional_congeneric_10pct,species_error_regional_pool,species_baseline,species_units,1
t360_mean,1.4901384630122485,1.725401612157843,0.23526314914559454,Sørensen,carabidae_pitfall,species_regional_congeneric_10pct,species_error_regional_pool,species_baseline,species_units,1
Geographic,0.6879786004333655,0.628808940637605,-0.0591696597957605,Bray-Curtis,carabidae_pitfall,species_observed_congeneric_10pct,species_error_observed_pool,species_baseline,species_units,2
mos,1.4239334326062703,1.3780761342000267,-0.04585729840624353,Bray-Curtis,carabidae_pitfall,species_observed_congeneric_10pct,species_error_observed_pool,species_baseline,species_units,2
p_h,1.5813912552609302,1.5080379434842661,-0.07335331177666404,Bray-Curtis,carabidae_pitfall,species_observed_congeneric_10pct,species_error_observed_pool,species_baseline,species_units,2
t360_mean,2.576800215609529,2.2115336203016094,-0.3652665953079195,Bray-Curtis,carabidae_pitfall,species_observed_congeneric_10pct,species_error_observed_pool,species_baseline,species_units,2
Geographic,1.10037895593722,1.005516838091316,-0.09486211784590393,Sørensen,carabidae_pitfall,species_observed_congeneric_10pct,species_error_observed_pool,species_baseline,species_units,2
mos,1.4474353417529278,1.3254770022961155,-0.12195833945681223,Sørensen,carabidae_pitfall,species_observed_congeneric_10pct,species_error_observed_pool,species_baseline,species_units,2
p_h,1.1851210234201468,1.172326750933546,-0.01279427248660081,Sørensen,carabidae_pitfall,species_observed_congeneric_10pct,species_error_observed_pool,species_baseline,species_units,2
t360_mean,1.4901384630122485,1.1748219864168412,-0.3153164765954073,Sørensen,carabidae_pitfall,species_observed_congeneric_10pct,species_error_observed_pool,species_baseline,species_units,2
Geographic,0.6879786004333655,0.4543286582673648,-0.23364994216600066,Bray-Curtis,carabidae_pitfall,species_observed_rare_weighted_10pct,species_error_rare_weighted,species_baseline,species_units,2
mos,1.4239334326062703,1.47686684924955,0.052933416643279774,Bray-Curtis,carabidae_pitfall,species_observed_rare_weighted_10pct,species_error_rare_weighted,species_baseline,species_units,2
p_h,1.5813912552609302,1.4419295048196594,-0.13946175044127074,Bray-Curtis,carabidae_pitfall,species_observed_rare_weighted_10pct,species_error_rare_weighted,species_baseline,species_units,2
t360_mean,2.576800215609529,2.1136432419938247,-0.4631569736157042,Bray-Curtis,carabidae_pitfall,species_observed_rare_weighted_10pct,species_error_rare_weighted,species_baseline,species_units,2
Geographic,1.10037895593722,0.9053422050458688,-0.19503675089135109,Sørensen,carabidae_pitfall,species_observed_rare_weighted_10pct,species_error_rare_weighted,species_baseline,species_units,2
mos,1.4474353417529278,1.412349697828827,-0.03508564392410074,Sørensen,carabidae_pitfall,species_observed_rare_weighted_10pct,species_error_rare_weighted,species_baseline,species_units,2
p_h,1.1851210234201468,1.0800123087225035,-0.10510871469764327,Sørensen,carabidae_pitfall,species_observed_rare_weighted_10pct,species_error_rare_weighted,species_baseline,species_units,2
t360_mean,1.4901384630122485,1.3645081634963112,-0.1256302995159373,Sørensen,carabidae_pitfall,species_observed_rare_weighted_10pct,species_error_rare_weighted,species_baseline,species_units,2
Geographic,0.6879786004333655,0.6697564385404838,-0.018222161892881616,Bray-Curtis,carabidae_pitfall,species_regional_congeneric_10pct,species_error_regional_pool,species_baseline,species_units,2
mos,1.4239334326062703,1.32999510808734,-0.09393832451893025,Bray-Curtis,carabidae_pitfall,species_regional_congeneric_10pct,species_error_regional_pool,species_baseline,species_units,2
p_h,1.5813912552609302,1.5852396161469313,0.0038483608860011564,Bray-Curtis,carabidae_pitfall,species_regional_congeneric_10pct,species_error_regional_pool,species_baseline,species_units,2
t360_mean,2.576800215609529,2.5568470306166686,-0.01995318499286025,Bray-Curtis,carabidae_pitfall,species_regional_congeneric_10pct,species_error_regional_pool,species_baseline,species_units,2
Geographic,1.10037895593722,1.1945338461089043,0.09415489017168444,Sørensen,carabidae_pitfall,species_regional_congeneric_10pct,species_error_regional_pool,species_baseline,species_units,2
mos,1.4474353417529278,1.3303310334432592,-0.11710430830966856,Sørensen,carabidae_pitfall,species_regional_congeneric_10pct,species_error_regional_pool,species_baseline,species_units,2
p_h,1.1851210234201468,1.2535982917952284,0.06847726837508161,Sørensen,carabidae_pitfall,species_regional_congeneric_10pct,species_error_regional_pool,species_baseline,species_units,2
t360_mean,1.4901384630122485,1.6127370816253817,0.12259861861313315,Sørensen,carabidae_pitfall,species_regional_congeneric_10pct,species_error_regional_pool,species_baseline,species_units,2
Geographic,0.6879786004333655,0.8357447357109351,0.14776613527756965,Bray-Curtis,carabidae_pitfall,species_observed_congeneric_10pct,species_error_observed_pool,species_baseline,species_units,3
mos,1.4239334326062703,1.014009210019903,-0.4099242225863673,Bray-Curtis,carabidae_pitfall,species_observed_congeneric_10pct,species_error_observed_pool,species_baseline,species_units,3
p_h,1.5813912552609302,1.4933862511640241,-0.08800500409690604,Bray-Curtis,carabidae_pitfall,species_observed_congeneric_10pct,species_error_observed_pool,species_baseline,species_units,3
t360_mean,2.576800215609529,2.2972347806033095,-0.27956543500621933,Bray-Curtis,carabidae_pitfall,species_observed_congeneric_10pct,species_error_observed_pool,species_baseline,species_units,3
Geographic,1.10037895593722,0.9866459583601764,-0.11373299757704347,Sørensen,carabidae_pitfall,species_observed_congeneric_10pct,species_error_observed_pool,species_baseline,species_units,3
mos,1.4474353417529278,1.0989707512712734,-0.34846459048165435,Sørensen,carabidae_pitfall,species_observed_congeneric_10pct,species_error_observed_pool,species_baseline,species_units,3
p_h,1.1851210234201468,1.0413745619845516,-0.14374646143559522,Sørensen,carabidae_pitfall,species_observed_congeneric_10pct,species_error_observed_pool,species_baseline,species_units,3
t360_mean,1.4901384630122485,1.2974660242697007,-0.1926724387425478,Sørensen,carabidae_pitfall,species_observed_congeneric_10pct,species_error_observed_pool,species_baseline,species_units,3
Geographic,0.6879786004333655,0.47393244123701,-0.21404615919635545,Bray-Curtis,carabidae_pitfall,species_observed_rare_weighted_10pct,species_error_rare_weighted,species_baseline,species_units,3
mos,1.4239334326062703,1.4497403010054937,0.025806868399223415,Bray-Curtis,carabidae_pitfall,species_observed_rare_weighted_10pct,species_error_rare_weighted,species_baseline,species_units,3
p_h,1.5813912552609302,1.5259457650051147,-0.055445490255815466,Bray-Curtis,carabidae_pitfall,species_observed_rare_weighted_10pct,species_error_rare_weighted,species_baseline,species_units,3
t360_mean,2.576800215609529,2.4220959765189773,-0.15470423909055153,Bray-Curtis,carabidae_pitfall,species_observed_rare_weighted_10pct,species_error_rare_weighted,species_baseline,species_units,3
Geographic,1.10037895593722,0.890792886464207,-0.20958606947301295,Sørensen,carabidae_pitfall,species_observed_rare_weighted_10pct,species_error_rare_weighted,species_baseline,species_units,3
mos,1.4474353417529278,1.4290823983167589,-0.01835294343616889,Sørensen,carabidae_pitfall,species_observed_rare_weighted_10pct,species_error_rare_weighted,species_baseline,species_units,3
p_h,1.1851210234201468,1.178108966554397,-0.007012056865749905,Sørensen,carabidae_pitfall,species_observed_rare_weighted_10pct,species_error_rare_weighted,species_baseline,species_units,3
t360_mean,1.4901384630122485,1.4395963535441991,-0.05054210946804938,Sørensen,carabidae_pitfall,species_observed_rare_weighted_10pct,species_error_rare_weighted,species_baseline,species_units,3
Geographic,0.6879786004333655,0.6856861094905927,-0.002292490942772729,Bray-Curtis,carabidae_pitfall,species_regional_congeneric_10pct,species_error_regional_pool,species_baseline,species_units,3
mos,1.4239334326062703,1.4165440143052785,-0.0073894183009917125,Bray-Curtis,carabidae_pitfall,species_regional_congeneric_10pct,species_error_regional_pool,species_baseline,species_units,3
p_h,1.5813912552609302,1.5743830823987612,-0.0070081728621689265,Bray-Curtis,carabidae_pitfall,species_regional_congeneric_10pct,species_error_regional_pool,species_baseline,species_units,3
t360_mean,2.576800215609529,2.55553226411367,-0.021267951495858917,Bray-Curtis,carabidae_pitfall,species_regional_congeneric_10pct,species_error_regional_pool,species_baseline,species_units,3
Geographic,1.10037895593722,1.1086014359447924,0.00822248000757253,Sørensen,carabidae_pitfall,species_regional_congeneric_10pct,species_error_regional_pool,species_baseline,species_units,3
mos,1.4474353417529278,1.5290546371033529,0.08161929535042511,Sørensen,carabidae_pitfall,species_regional_congeneric_10pct,species_error_regional_pool,species_baseline,species_units,3
p_h,1.1851210234201468,1.255252906508985,0.07013188308883822,Sørensen,carabidae_pitfall,species_regional_congeneric_10pct,species_error_regional_pool,species_baseline,species_units,3
t360_mean,1.4901384630122485,1.6827143576145578,0.19257589460230928,Sørensen,carabidae_pitfall,species_regional_congeneric_10pct,species_error_regional_pool,species_baseline,species_units,3
Geographic,0.6879786004333655,0.6308889004319327,-0.057089700001432764,Bray-Curtis,carabidae_pitfall,species_observed_congeneric_10pct,species_error_observed_pool,species_baseline,species_units,4
mos,1.4239334326062703,1.3590213408464784,-0.06491209175979185,Bray-Curtis,carabidae_pitfall,species_observed_congeneric_10pct,species_error_observed_pool,species_baseline,species_units,4
p_h,1.5813912552609302,1.5471095255780534,-0.034281729682876794,Bray-Curtis,carabidae_pitfall,species_observed_congeneric_10pct,species_error_observed_pool,species_baseline,species_units,4
t360_mean,2.576800215609529,2.3753164943562375,-0.2014837212532914,Bray-Curtis,carabidae_pitfall,species_observed_congeneric_10pct,species_error_observed_pool,species_baseline,species_units,4
Geographic,1.10037895593722,0.9200623719215344,-0.1803165840156855,Sørensen,carabidae_pitfall,species_observed_congeneric_10pct,species_error_observed_pool,species_baseline,species_units,4
mos,1.4474353417529278,1.4930086885316647,0.04557334677873692,Sørensen,carabidae_pitfall,species_observed_congeneric_10pct,species_error_observed_pool,species_baseline,species_units,4
p_h,1.1851210234201468,1.352400293087789,0.16727926966764217,Sørensen,carabidae_pitfall,species_observed_congeneric_10pct,species_error_observed_pool,species_baseline,species_units,4
t360_mean,1.4901384630122485,1.322070037807906,-0.1680684252043425,Sørensen,carabidae_pitfall,species_observed_congeneric_10pct,species_error_observed_pool,species_baseline,species_units,4
Geographic,0.6879786004333655,0.6906667445009868,0.002688144067621301,Bray-Curtis,carabidae_pitfall,species_observed_rare_weighted_10pct,species_error_rare_weighted,species_baseline,species_units,4
mos,1.4239334326062703,1.3034522156366846,-0.12048121696958569,Bray-Curtis,carabidae_pitfall,species_observed_rare_weighted_10pct,species_error_rare_weighted,species_baseline,species_units,4
p_h,1.5813912552609302,1.509714393786414,-0.07167686147451624,Bray-Curtis,carabidae_pitfall,species_observed_rare_weighted_10pct,species_error_rare_weighted,species_baseline,species_units,4
t360_mean,2.576800215609529,2.135806079100497,-0.44099413650903196,Bray-Curtis,carabidae_pitfall,species_observed_rare_weighted_10pct,species_error_rare_weighted,species_baseline,species_units,4
Geographic,1.10037895593722,1.0816305600514302,-0.018748395885789693,Sørensen,carabidae_pitfall,species_observed_rare_weighted_10pct,species_error_rare_weighted,species_baseline,species_units,4
mos,1.4474353417529278,1.1401310613282543,-0.3073042804246735,Sørensen,carabidae_pitfall,species_observed_rare_weighted_10pct,species_error_rare_weighted,species_baseline,species_units,4
p_h,1.1851210234201468,1.1953286696737146,0.010207646253567848,Sørensen,carabidae_pitfall,species_observed_rare_weighted_10pct,species_error_rare_weighted,species_baseline,species_units,4
t360_mean,1.4901384630122485,1.435409242726569,-0.0547292202856795,Sørensen,carabidae_pitfall,species_observed_rare_weighted_10pct,species_error_rare_weighted,species_baseline,species_units,4
Geographic,0.6879786004333655,0.7200007218399317,0.03202212140656624,Bray-Curtis,carabidae_pitfall,species_regional_congeneric_10pct,species_error_regional_pool,species_baseline,species_units,4
mos,1.4239334326062703,1.3679525509315518,-0.055980881674718486,Bray-Curtis,carabidae_pitfall,species_regional_congeneric_10pct,species_error_regional_pool,species_baseline,species_units,4
p_h,1.5813912552609302,1.602365119695849,0.020973864434918887,Bray-Curtis,carabidae_pitfall,species_regional_congeneric_10pct,species_error_regional_pool,species_baseline,species_units,4
t360_mean,2.576800215609529,2.498619277147465,-0.07818093846206375,Bray-Curtis,carabidae_pitfall,species_regional_congeneric_10pct,species_error_regional_pool,species_baseline,species_units,4
Geographic,1.10037895593722,1.1251985100414374,0.024819554104217545,Sørensen,carabidae_pitfall,species_regional_congeneric_10pct,species_error_regional_pool,species_baseline,species_units,4
mos,1.4474353417529278,1.3928822142567523,-0.05455312749617547,Sørensen,carabidae_pitfall,species_regional_congeneric_10pct,species_error_regional_pool,species_baseline,species_units,4
p_h,1.1851210234201468,1.3505793416190455,0.16545831819889867,Sørensen,carabidae_pitfall,species_regional_congeneric_10pct,species_error_regional_pool,species_baseline,species_units,4
t360_mean,1.4901384630122485,1.5084411409937324,0.018302677981483884,Sørensen,carabidae_pitfall,species_regional_congeneric_10pct,species_error_regional_pool,species_baseline,species_units,4
Geographic,0.6879786004333655,0.8278136534575568,0.1398350530241913,Bray-Curtis,carabidae_pitfall,species_observed_congeneric_10pct,species_error_observed_pool,species_baseline,species_units,5
mos,1.4239334326062703,1.089761339405579,-0.3341720932006913,Bray-Curtis,carabidae_pitfall,species_observed_congeneric_10pct,species_error_observed_pool,species_baseline,species_units,5
p_h,1.5813912552609302,1.5003294196728283,-0.08106183558810187,Bray-Curtis,carabidae_pitfall,species_observed_congeneric_10pct,species_error_observed_pool,species_baseline,species_units,5
t360_mean,2.576800215609529,2.548815282428439,-0.027984933181089744,Bray-Curtis,carabidae_pitfall,species_observed_congeneric_10pct,species_error_observed_pool,species_baseline,species_units,5
Geographic,1.10037895593722,1.268120611645237,0.16774165570801713,Sørensen,carabidae_pitfall,species_observed_congeneric_10pct,species_error_observed_pool,species_baseline,species_units,5
mos,1.4474353417529278,1.1132657920181055,-0.33416954973482227,Sørensen,carabidae_pitfall,species_observed_congeneric_10pct,species_error_observed_pool,species_baseline,species_units,5
p_h,1.1851210234201468,1.2632651806699462,0.0781441572497994,Sørensen,carabidae_pitfall,species_observed_congeneric_10pct,species_error_observed_pool,species_baseline,species_units,5
t360_mean,1.4901384630122485,1.675075506175782,0.18493704316353354,Sørensen,carabidae_pitfall,species_observed_congeneric_10pct,species_error_observed_pool,species_baseline,species_units,5
Geographic,0.6879786004333655,0.8354803858552713,0.14750178542190584,Bray-Curtis,carabidae_pitfall,species_observed_rare_weighted_10pct,species_error_rare_weighted,species_baseline,species_units,5
mos,1.4239334326062703,0.9115938443789865,-0.5123395882272838,Bray-Curtis,carabidae_pitfall,species_observed_rare_weighted_10pct,species_error_rare_weighted,species_baseline,species_units,5
p_h,1.5813912552609302,1.4289492466976677,-0.1524420085632625,Bray-Curtis,carabidae_pitfall,species_observed_rare_weighted_10pct,species_error_rare_weighted,species_baseline,species_units,5
t360_mean,2.576800215609529,2.109582704981014,-0.4672175106285148,Bray-Curtis,carabidae_pitfall,species_observed_rare_weighted_10pct,species_error_rare_weighted,species_baseline,species_units,5
Geographic,1.10037895593722,1.0269580861467467,-0.07342086979047324,Sørensen,carabidae_pitfall,species_observed_rare_weighted_10pct,species_error_rare_weighted,species_baseline,species_units,5
mos,1.4474353417529278,1.013461086157214,-0.4339742555957138,Sørensen,carabidae_pitfall,species_observed_rare_weighted_10pct,species_error_rare_weighted,species_baseline,species_units,5
p_h,1.1851210234201468,1.1144960659138134,-0.07062495750633335,Sørensen,carabidae_pitfall,species_observed_rare_weighted_10pct,species_error_rare_weighted,species_baseline,species_units,5
t360_mean,1.4901384630122485,1.320892844402317,-0.1692456186099316,Sørensen,carabidae_pitfall,species_observed_rare_weighted_10pct,species_error_rare_weighted,species_baseline,species_units,5
Geographic,0.6879786004333655,0.5824132068386428,-0.10556539359472261,Bray-Curtis,carabidae_pitfall,species_regional_congeneric_10pct,species_error_regional_pool,species_baseline,species_units,5
mos,1.4239334326062703,1.4221652190707637,-0.001768213535506602,Bray-Curtis,carabidae_pitfall,species_regional_congeneric_10pct,species_error_regional_pool,species_baseline,species_units,5
p_h,1.5813912552609302,1.6445191279984381,0.06312787273750797,Bray-Curtis,carabidae_pitfall,species_regional_congeneric_10pct,species_error_regional_pool,species_baseline,species_units,5
t360_mean,2.576800215609529,2.545725416428713,-0.031074799180816015,Bray-Curtis,carabidae_pitfall,species_regional_congeneric_10pct,species_error_regional_pool,species_baseline,species_units,5
Geographic,1.10037895593722,1.0658359624530604,-0.03454299348415946,Sørensen,carabidae_pitfall,species_regional_congeneric_10pct,species_error_regional_pool,species_baseline,species_units,5
mos,1.4474353417529278,1.49328099261889,0.04584565086596215,Sørensen,carabidae_pitfall,species_regional_congeneric_10pct,species_error_regional_pool,species_baseline,species_units,5
p_h,1.1851210234201468,1.3212261724831456,0.13610514906299875,Sørensen,carabidae_pitfall,species_regional_congeneric_10pct,species_error_regional_pool,species_baseline,species_units,5
t360_mean,1.4901384630122485,1.5613442858086348,0.07120582279638632,Sørensen,carabidae_pitfall,species_regional_congeneric_10pct,species_error_regional_pool,species_baseline,species_units,5
Geographic,0.6879786004333655,0.6347346235868612,-0.05324397684650428,Bray-Curtis,carabidae_pitfall,species_observed_congeneric_10pct,species_error_observed_pool,species_baseline,species_units,6
mos,1.4239334326062703,1.1208199580481946,-0.3031134745580757,Bray-Curtis,carabidae_pitfall,species_observed_congeneric_10pct,species_error_observed_pool,species_baseline,species_units,6
p_h,1.5813912552609302,1.4945387249361164,-0.08685253032481377,Bray-Curtis,carabidae_pitfall,species_observed_congeneric_10pct,species_error_observed_pool,species_baseline,species_units,6
t360_mean,2.576800215609529,2.577406346376594,6.061307670650606e-4,Bray-Curtis,carabidae_pitfall,species_observed_congeneric_10pct,species_error_observed_pool,species_baseline,species_units,6
Geographic,1.10037895593722,0.9003156266222129,-0.20006332931500703,Sørensen,carabidae_pitfall,species_observed_congeneric_10pct,species_error_observed_pool,species_baseline,species_units,6
mos,1.4474353417529278,1.1602424615411047,-0.2871928802118231,Sørensen,carabidae_pitfall,species_observed_congeneric_10pct,species_error_observed_pool,species_baseline,species_units,6
p_h,1.1851210234201468,1.145901882363769,-0.039219141056377804,Sørensen,carabidae_pitfall,species_observed_congeneric_10pct,species_error_observed_pool,species_baseline,species_units,6
t360_mean,1.4901384630122485,1.6513930962964418,0.16125463328419332,Sørensen,carabidae_pitfall,species_observed_congeneric_10pct,species_error_observed_pool,species_baseline,species_units,6
Geographic,0.6879786004333655,0.8877585433426558,0.19977994290929035,Bray-Curtis,carabidae_pitfall,species_observed_rare_weighted_10pct,species_error_rare_weighted,species_baseline,species_units,6
mos,1.4239334326062703,1.0923399012370805,-0.3315935313691898,Bray-Curtis,carabidae_pitfall,species_observed_rare_weighted_10pct,species_error_rare_weighted,species_baseline,species_units,6
p_h,1.5813912552609302,1.3421889177049473,-0.23920233755598286,Bray-Curtis,carabidae_pitfall,species_observed_rare_weighted_10pct,species_error_rare_weighted,species_baseline,species_units,6
t360_mean,2.576800215609529,2.351319201495604,-0.22548101411392496,Bray-Curtis,carabidae_pitfall,species_observed_rare_weighted_10pct,species_error_rare_weighted,species_baseline,species_units,6
Geographic,1.10037895593722,1.4123895238596076,0.3120105679223877,Sørensen,carabidae_pitfall,species_observed_rare_weighted_10pct,species_error_rare_weighted,species_baseline,species_units,6
mos,1.4474353417529278,1.071700389522109,-0.37573495223081865,Sørensen,carabidae_pitfall,species_observed_rare_weighted_10pct,species_error_rare_weighted,species_baseline,species_units,6
p_h,1.1851210234201468,0.9760856676624403,-0.2090353557577065,Sørensen,carabidae_pitfall,species_observed_rare_weighted_10pct,species_error_rare_weighted,species_baseline,species_units,6
t360_mean,1.4901384630122485,1.3559206809657078,-0.13421778204654067,Sørensen,carabidae_pitfall,species_observed_rare_weighted_10pct,species_error_rare_weighted,species_baseline,species_units,6
Geographic,0.6879786004333655,0.6412542378628718,-0.046724362570493616,Bray-Curtis,carabidae_pitfall,species_regional_congeneric_10pct,species_error_regional_pool,species_baseline,species_units,6
mos,1.4239334326062703,1.3887164369706275,-0.035216995635642734,Bray-Curtis,carabidae_pitfall,species_regional_congeneric_10pct,species_error_regional_pool,species_baseline,species_units,6
p_h,1.5813912552609302,1.5852898800489774,0.0038986247880472558,Bray-Curtis,carabidae_pitfall,species_regional_congeneric_10pct,species_error_regional_pool,species_baseline,species_units,6
t360_mean,2.576800215609529,2.426370500867382,-0.15042971474214673,Bray-Curtis,carabidae_pitfall,species_regional_congeneric_10pct,species_error_regional_pool,species_baseline,species_units,6
Geographic,1.10037895593722,1.1184506187962984,0.018071662859078463,Sørensen,carabidae_pitfall,species_regional_congeneric_10pct,species_error_regional_pool,species_baseline,species_units,6
mos,1.4474353417529278,1.377666068327558,-0.06976927342536987,Sørensen,carabidae_pitfall,species_regional_congeneric_10pct,species_error_regional_pool,species_baseline,species_units,6
p_h,1.1851210234201468,1.3042206975280903,0.11909967410794353,Sørensen,carabidae_pitfall,species_regional_congeneric_10pct,species_error_regional_pool,species_baseline,species_units,6
t360_mean,1.4901384630122485,1.4722996025721966,-0.017838860440051896,Sørensen,carabidae_pitfall,species_regional_congeneric_10pct,species_error_regional_pool,species_baseline,species_units,6
Geographic,0.6879786004333655,0.6845279981394983,-0.0034506022938671777,Bray-Curtis,carabidae_pitfall,species_observed_congeneric_10pct,species_error_observed_pool,species_baseline,species_units,7
mos,1.4239334326062703,1.2097880446862592,-0.21414538792001103,Bray-Curtis,carabidae_pitfall,species_observed_congeneric_10pct,species_error_observed_pool,species_baseline,species_units,7
p_h,1.5813912552609302,1.4887092079974737,-0.09268204726345641,Bray-Curtis,carabidae_pitfall,species_observed_congeneric_10pct,species_error_observed_pool,species_baseline,species_units,7
t360_mean,2.576800215609529,2.021021120847606,-0.555779094761923,Bray-Curtis,carabidae_pitfall,species_observed_congeneric_10pct,species_error_observed_pool,species_baseline,species_units,7
Geographic,1.10037895593722,1.077255509758848,-0.02312344617837181,Sørensen,carabidae_pitfall,species_observed_congeneric_10pct,species_error_observed_pool,species_baseline,species_units,7
mos,1.4474353417529278,1.1557911142685338,-0.291644227484394,Sørensen,carabidae_pitfall,species_observed_congeneric_10pct,species_error_observed_pool,species_baseline,species_units,7
p_h,1.1851210234201468,1.1116907078597145,-0.07343031556043234,Sørensen,carabidae_pitfall,species_observed_congeneric_10pct,species_error_observed_pool,species_baseline,species_units,7
t360_mean,1.4901384630122485,1.2721579288156863,-0.21798053419656216,Sørensen,carabidae_pitfall,species_observed_congeneric_10pct,species_error_observed_pool,species_baseline,species_units,7
Geographic,0.6879786004333655,0.4834797502608534,-0.20449885017251207,Bray-Curtis,carabidae_pitfall,species_observed_rare_weighted_10pct,species_error_rare_weighted,species_baseline,species_units,7
mos,1.4239334326062703,1.2959092827683307,-0.12802414983793953,Bray-Curtis,carabidae_pitfall,species_observed_rare_weighted_10pct,species_error_rare_weighted,species_baseline,species_units,7
p_h,1.5813912552609302,1.5191514828215573,-0.06223977243937284,Bray-Curtis,carabidae_pitfall,species_observed_rare_weighted_10pct,species_error_rare_weighted,species_baseline,species_units,7
t360_mean,2.576800215609529,2.2768858665921203,-0.29991434901740854,Bray-Curtis,carabidae_pitfall,species_observed_rare_weighted_10pct,species_error_rare_weighted,species_baseline,species_units,7
Geographic,1.10037895593722,1.1928814480952292,0.09250249215800932,Sørensen,carabidae_pitfall,species_observed_rare_weighted_10pct,species_error_rare_weighted,species_baseline,species_units,7
mos,1.4474353417529278,1.1826772052500645,-0.2647581365028633,Sørensen,carabidae_pitfall,species_observed_rare_weighted_10pct,species_error_rare_weighted,species_baseline,species_units,7
p_h,1.1851210234201468,1.2019586308236418,0.016837607403495047,Sørensen,carabidae_pitfall,species_observed_rare_weighted_10pct,species_error_rare_weighted,species_baseline,species_units,7
t360_mean,1.4901384630122485,1.4994193674056053,0.009280904393356826,Sørensen,carabidae_pitfall,species_observed_rare_weighted_10pct,species_error_rare_weighted,species_baseline,species_units,7
Geographic,0.6879786004333655,0.6007594854095482,-0.0872191150238173,Bray-Curtis,carabidae_pitfall,species_regional_congeneric_10pct,species_error_regional_pool,species_baseline,species_units,7
mos,1.4239334326062703,1.364942794123835,-0.05899063848243524,Bray-Curtis,carabidae_pitfall,species_regional_congeneric_10pct,species_error_regional_pool,species_baseline,species_units,7
p_h,1.5813912552609302,1.519317393926653,-0.06207386133427706,Bray-Curtis,carabidae_pitfall,species_regional_congeneric_10pct,species_error_regional_pool,species_baseline,species_units,7
t360_mean,2.576800215609529,2.562247101408064,-0.01455311420146499,Bray-Curtis,carabidae_pitfall,species_regional_congeneric_10pct,species_error_regional_pool,species_baseline,species_units,7
Geographic,1.10037895593722,1.0549721307644706,-0.0454068251727493,Sørensen,carabidae_pitfall,species_regional_congeneric_10pct,species_error_regional_pool,species_baseline,species_units,7
mos,1.4474353417529278,1.4039377809493352,-0.04349756080359257,Sørensen,carabidae_pitfall,species_regional_congeneric_10pct,species_error_regional_pool,species_baseline,species_units,7
p_h,1.1851210234201468,1.1461698877297755,-0.03895113569037134,Sørensen,carabidae_pitfall,species_regional_congeneric_10pct,species_error_regional_pool,species_baseline,species_units,7
t360_mean,1.4901384630122485,1.6499975896735413,0.15985912666129276,Sørensen,carabidae_pitfall,species_regional_congeneric_10pct,species_error_regional_pool,species_baseline,species_units,7
Geographic,0.6879786004333655,0.8052662267385602,0.11728762630519474,Bray-Curtis,carabidae_pitfall,species_observed_congeneric_10pct,species_error_observed_pool,species_baseline,species_units,8
mos,1.4239334326062703,0.9996623705853339,-0.42427106202093634,Bray-Curtis,carabidae_pitfall,species_observed_congeneric_10pct,species_error_observed_pool,species_baseline,species_units,8
p_h,1.5813912552609302,1.460137338389949,-0.1212539168709812,Bray-Curtis,carabidae_pitfall,species_observed_congeneric_10pct,species_error_observed_pool,species_baseline,species_units,8
t360_mean,2.576800215609529,2.4068858159093387,-0.16991439970019018,Bray-Curtis,carabidae_pitfall,species_observed_congeneric_10pct,species_error_observed_pool,species_baseline,species_units,8
Geographic,1.10037895593722,0.8455275412875481,-0.25485141464967176,Sørensen,carabidae_pitfall,species_observed_congeneric_10pct,species_error_observed_pool,species_baseline,species_units,8
mos,1.4474353417529278,1.118916312499149,-0.32851902925377874,Sørensen,carabidae_pitfall,species_observed_congeneric_10pct,species_error_observed_pool,species_baseline,species_units,8
p_h,1.1851210234201468,1.2057752093112248,0.020654185891078036,Sørensen,carabidae_pitfall,species_observed_congeneric_10pct,species_error_observed_pool,species_baseline,species_units,8
t360_mean,1.4901384630122485,1.4019915548735056,-0.08814690813874293,Sørensen,carabidae_pitfall,species_observed_congeneric_10pct,species_error_observed_pool,species_baseline,species_units,8
Geographic,0.6879786004333655,0.7225362635775823,0.03455766314421682,Bray-Curtis,carabidae_pitfall,species_observed_rare_weighted_10pct,species_error_rare_weighted,species_baseline,species_units,8
mos,1.4239334326062703,1.3114598720890709,-0.11247356051719937,Bray-Curtis,carabidae_pitfall,species_observed_rare_weighted_10pct,species_error_rare_weighted,species_baseline,species_units,8
p_h,1.5813912552609302,1.4734784135581618,-0.10791284170276838,Bray-Curtis,carabidae_pitfall,species_observed_rare_weighted_10pct,species_error_rare_weighted,species_baseline,species_units,8
t360_mean,2.576800215609529,2.3342658701842396,-0.2425343454252893,Bray-Curtis,carabidae_pitfall,species_observed_rare_weighted_10pct,species_error_rare_weighted,species_baseline,species_units,8
Geographic,1.10037895593722,1.185150401918864,0.08477144598164399,Sørensen,carabidae_pitfall,species_observed_rare_weighted_10pct,species_error_rare_weighted,species_baseline,species_units,8
mos,1.4474353417529278,1.124953526758046,-0.3224818149948818,Sørensen,carabidae_pitfall,species_observed_rare_weighted_10pct,species_error_rare_weighted,species_baseline,species_units,8
p_h,1.1851210234201468,1.1652658430632996,-0.01985518035684719,Sørensen,carabidae_pitfall,species_observed_rare_weighted_10pct,species_error_rare_weighted,species_baseline,species_units,8
t360_mean,1.4901384630122485,1.3574429873170404,-0.13269547569520812,Sørensen,carabidae_pitfall,species_observed_rare_weighted_10pct,species_error_rare_weighted,species_baseline,species_units,8
Geographic,0.6879786004333655,0.7559576924847307,0.06797909205136521,Bray-Curtis,carabidae_pitfall,species_regional_congeneric_10pct,species_error_regional_pool,species_baseline,species_units,8
mos,1.4239334326062703,1.0124578636930073,-0.411475568913263,Bray-Curtis,carabidae_pitfall,species_regional_congeneric_10pct,species_error_regional_pool,species_baseline,species_units,8
p_h,1.5813912552609302,1.5343205055733469,-0.04707074968758329,Bray-Curtis,carabidae_pitfall,species_regional_congeneric_10pct,species_error_regional_pool,species_baseline,species_units,8
t360_mean,2.576800215609529,2.662215017249839,0.08541480164031023,Bray-Curtis,carabidae_pitfall,species_regional_congeneric_10pct,species_error_regional_pool,species_baseline,species_units,8
Geographic,1.10037895593722,1.1159558763978192,0.01557692046059933,Sørensen,carabidae_pitfall,species_regional_congeneric_10pct,species_error_regional_pool,species_baseline,species_units,8
mos,1.4474353417529278,1.1976626865805005,-0.2497726551724273,Sørensen,carabidae_pitfall,species_regional_congeneric_10pct,species_error_regional_pool,species_baseline,species_units,8
p_h,1.1851210234201468,1.3406632423102076,0.1555422188900608,Sørensen,carabidae_pitfall,species_regional_congeneric_10pct,species_error_regional_pool,species_baseline,species_units,8
t360_mean,1.4901384630122485,1.6288493480727761,0.13871088506052764,Sørensen,carabidae_pitfall,species_regional_congeneric_10pct,species_error_regional_pool,species_baseline,species_units,8
Geographic,0.6879786004333655,0.7925229296698548,0.10454432923648938,Bray-Curtis,carabidae_pitfall,species_observed_congeneric_10pct,species_error_observed_pool,species_baseline,species_units,9
mos,1.4239334326062703,1.093725399564574,-0.3302080330416963,Bray-Curtis,carabidae_pitfall,species_observed_congeneric_10pct,species_error_observed_pool,species_baseline,species_units,9
p_h,1.5813912552609302,1.4525116606868789,-0.1288795945740513,Bray-Curtis,carabidae_pitfall,species_observed_congeneric_10pct,species_error_observed_pool,species_baseline,species_units,9
t360_mean,2.576800215609529,2.3611771088081532,-0.21562310680137564,Bray-Curtis,carabidae_pitfall,species_observed_congeneric_10pct,species_error_observed_pool,species_baseline,species_units,9
Geographic,1.10037895593722,0.8757779603410552,-0.22460099559616475,Sørensen,carabidae_pitfall,species_observed_congeneric_10pct,species_error_observed_pool,species_baseline,species_units,9
mos,1.4474353417529278,1.1948988136580332,-0.2525365280948946,Sørensen,carabidae_pitfall,species_observed_congeneric_10pct,species_error_observed_pool,species_baseline,species_units,9
p_h,1.1851210234201468,1.0593994108884826,-0.12572161253166425,Sørensen,carabidae_pitfall,species_observed_congeneric_10pct,species_error_observed_pool,species_baseline,species_units,9
t360_mean,1.4901384630122485,1.4233879661815947,-0.06675049683065382,Sørensen,carabidae_pitfall,species_observed_congeneric_10pct,species_error_observed_pool,species_baseline,species_units,9
Geographic,0.6879786004333655,0.6392780104423093,-0.0487005899910562,Bray-Curtis,carabidae_pitfall,species_observed_rare_weighted_10pct,species_error_rare_weighted,species_baseline,species_units,9
mos,1.4239334326062703,1.345003683004394,-0.07892974960187615,Bray-Curtis,carabidae_pitfall,species_observed_rare_weighted_10pct,species_error_rare_weighted,species_baseline,species_units,9
p_h,1.5813912552609302,1.3912407667353552,-0.19015048852557492,Bray-Curtis,carabidae_pitfall,species_observed_rare_weighted_10pct,species_error_rare_weighted,species_baseline,species_units,9
t360_mean,2.576800215609529,1.8105930169423046,-0.7662071986672243,Bray-Curtis,carabidae_pitfall,species_observed_rare_weighted_10pct,species_error_rare_weighted,species_baseline,species_units,9
Geographic,1.10037895593722,0.8563797122174882,-0.2439992437197317,Sørensen,carabidae_pitfall,species_observed_rare_weighted_10pct,species_error_rare_weighted,species_baseline,species_units,9
mos,1.4474353417529278,1.397094837020825,-0.05034050473210283,Sørensen,carabidae_pitfall,species_observed_rare_weighted_10pct,species_error_rare_weighted,species_baseline,species_units,9
p_h,1.1851210234201468,1.0118017330776703,-0.1733192903424765,Sørensen,carabidae_pitfall,species_observed_rare_weighted_10pct,species_error_rare_weighted,species_baseline,species_units,9
t360_mean,1.4901384630122485,1.0266201228738494,-0.4635183401383991,Sørensen,carabidae_pitfall,species_observed_rare_weighted_10pct,species_error_rare_weighted,species_baseline,species_units,9
Geographic,0.6879786004333655,0.7080627616039759,0.020084161170610404,Bray-Curtis,carabidae_pitfall,species_regional_congeneric_10pct,species_error_regional_pool,species_baseline,species_units,9
mos,1.4239334326062703,1.4174908499189232,-0.006442582687347098,Bray-Curtis,carabidae_pitfall,species_regional_congeneric_10pct,species_error_regional_pool,species_baseline,species_units,9
p_h,1.5813912552609302,1.6243214689177858,0.042930213656855676,Bray-Curtis,carabidae_pitfall,species_regional_congeneric_10pct,species_error_regional_pool,species_baseline,species_units,9
t360_mean,2.576800215609529,2.570137375238838,-0.006662840370690759,Bray-Curtis,carabidae_pitfall,species_regional_congeneric_10pct,species_error_regional_pool,species_baseline,species_units,9
Geographic,1.10037895593722,1.1695812624235025,0.06920230648628256,Sørensen,carabidae_pitfall,species_regional_congeneric_10pct,species_error_regional_pool,species_baseline,species_units,9
mos,1.4474353417529278,1.5040056559622461,0.05657031420931835,Sørensen,carabidae_pitfall,species_regional_congeneric_10pct,species_error_regional_pool,species_baseline,species_units,9
p_h,1.1851210234201468,1.2695583038375358,0.08443728041738896,Sørensen,carabidae_pitfall,species_regional_congeneric_10pct,species_error_regional_pool,species_baseline,species_units,9
t360_mean,1.4901384630122485,1.5943990013088747,0.10426053829662618,Sørensen,carabidae_pitfall,species_regional_congeneric_10pct,species_error_regional_pool,species_baseline,species_units,9
Geographic,0.6879786004333655,0.9190661561197666,0.23108755568640116,Bray-Curtis,carabidae_pitfall,species_observed_congeneric_10pct,species_error_observed_pool,species_baseline,species_units,10
mos,1.4239334326062703,0.7774376739741822,-0.6464957586320881,Bray-Curtis,carabidae_pitfall,species_observed_congeneric_10pct,species_error_observed_pool,species_baseline,species_units,10
p_h,1.5813912552609302,1.411921736775017,-0.16946951848591318,Bray-Curtis,carabidae_pitfall,species_observed_congeneric_10pct,species_error_observed_pool,species_baseline,species_units,10
t360_mean,2.576800215609529,2.2982660259762504,-0.2785341896332785,Bray-Curtis,carabidae_pitfall,species_observed_congeneric_10pct,species_error_observed_pool,species_baseline,species_units,10
Geographic,1.10037895593722,1.05186567794398,-0.04851327799324001,Sørensen,carabidae_pitfall,species_observed_congeneric_10pct,species_error_observed_pool,species_baseline,species_units,10
mos,1.4474353417529278,0.9042194012414876,-0.5432159405114402,Sørensen,carabidae_pitfall,species_observed_congeneric_10pct,species_error_observed_pool,species_baseline,species_units,10
p_h,1.1851210234201468,1.0053271487881381,-0.1797938746320087,Sørensen,carabidae_pitfall,species_observed_congeneric_10pct,species_error_observed_pool,species_baseline,species_units,10
t360_mean,1.4901384630122485,1.4224310364776338,-0.0677074265346147,Sørensen,carabidae_pitfall,species_observed_congeneric_10pct,species_error_observed_pool,species_baseline,species_units,10
Geographic,0.6879786004333655,0.848749836749976,0.1607712363166105,Bray-Curtis,carabidae_pitfall,species_observed_rare_weighted_10pct,species_error_rare_weighted,species_baseline,species_units,10
mos,1.4239334326062703,1.131198007483585,-0.29273542512268524,Bray-Curtis,carabidae_pitfall,species_observed_rare_weighted_10pct,species_error_rare_weighted,species_baseline,species_units,10
p_h,1.5813912552609302,1.4080410212636094,-0.17335023399732075,Bray-Curtis,carabidae_pitfall,species_observed_rare_weighted_10pct,species_error_rare_weighted,species_baseline,species_units,10
t360_mean,2.576800215609529,1.920425552772227,-0.656374662837302,Bray-Curtis,carabidae_pitfall,species_observed_rare_weighted_10pct,species_error_rare_weighted,species_baseline,species_units,10
Geographic,1.10037895593722,1.1803139863001526,0.0799350303629327,Sørensen,carabidae_pitfall,species_observed_rare_weighted_10pct,species_error_rare_weighted,species_baseline,species_units,10
mos,1.4474353417529278,1.0334270247827557,-0.41400831697017204,Sørensen,carabidae_pitfall,species_observed_rare_weighted_10pct,species_error_rare_weighted,species_baseline,species_units,10
p_h,1.1851210234201468,1.1097517914641697,-0.07536923195597711,Sørensen,carabidae_pitfall,species_observed_rare_weighted_10pct,species_error_rare_weighted,species_baseline,species_units,10
t360_mean,1.4901384630122485,1.1371997052843592,-0.3529387577278893,Sørensen,carabidae_pitfall,species_observed_rare_weighted_10pct,species_error_rare_weighted,species_baseline,species_units,10
Geographic,0.6879786004333655,0.695957931103408,0.007979330670042528,Bray-Curtis,carabidae_pitfall,species_regional_congeneric_10pct,species_error_regional_pool,species_baseline,species_units,10
mos,1.4239334326062703,1.3471188245122663,-0.07681460809400398,Bray-Curtis,carabidae_pitfall,species_regional_congeneric_10pct,species_error_regional_pool,species_baseline,species_units,10
p_h,1.5813912552609302,1.5213160251140279,-0.0600752301469023,Bray-Curtis,carabidae_pitfall,species_regional_congeneric_10pct,species_error_regional_pool,species_baseline,species_units,10
t360_mean,2.576800215609529,2.8769766356796183,0.3001764200700894,Bray-Curtis,carabidae_pitfall,species_regional_congeneric_10pct,species_error_regional_pool,species_baseline,species_units,10
Geographic,1.10037895593722,1.1338310256613626,0.03345206972414272,Sørensen,carabidae_pitfall,species_regional_congeneric_10pct,species_error_regional_pool,species_baseline,species_units,10
mos,1.4474353417529278,1.348584143860882,-0.09885119789204566,Sørensen,carabidae_pitfall,species_regional_congeneric_10pct,species_error_regional_pool,species_baseline,species_units,10
p_h,1.1851210234201468,1.1315225058924063,-0.053598517527740475,Sørensen,carabidae_pitfall,species_regional_congeneric_10pct,species_error_regional_pool,species_baseline,species_units,10
t360_mean,1.4901384630122485,2.3184687601571805,0.828330297144932,Sørensen,carabidae_pitfall,species_regional_congeneric_10pct,species_error_regional_pool,species_baseline,species_units,10
Geographic,0.6879786004333655,0.5741669944650462,-0.1138116059683193,Bray-Curtis,carabidae_pitfall,species_observed_congeneric_10pct,species_error_observed_pool,species_baseline,species_units,11
mos,1.4239334326062703,1.3394958819254579,-0.08443755068081238,Bray-Curtis,carabidae_pitfall,species_observed_congeneric_10pct,species_error_observed_pool,species_baseline,species_units,11
p_h,1.5813912552609302,1.4921131916040207,-0.08927806365690949,Bray-Curtis,carabidae_pitfall,species_observed_congeneric_10pct,species_error_observed_pool,species_baseline,species_units,11
t360_mean,2.576800215609529,2.301267958044014,-0.2755322575655148,Bray-Curtis,carabidae_pitfall,species_observed_congeneric_10pct,species_error_observed_pool,species_baseline,species_units,11
Geographic,1.10037895593722,0.7137940666157505,-0.3865848893214694,Sørensen,carabidae_pitfall,species_observed_congeneric_10pct,species_error_observed_pool,species_baseline,species_units,11
mos,1.4474353417529278,1.291509694736542,-0.15592564701638567,Sørensen,carabidae_pitfall,species_observed_congeneric_10pct,species_error_observed_pool,species_baseline,species_units,11
p_h,1.1851210234201468,1.1805252776337967,-0.004595745786350136,Sørensen,carabidae_pitfall,species_observed_congeneric_10pct,species_error_observed_pool,species_baseline,species_units,11
t360_mean,1.4901384630122485,1.4492906827384489,-0.04084778027379965,Sørensen,carabidae_pitfall,species_observed_congeneric_10pct,species_error_observed_pool,species_baseline,species_units,11
Geographic,0.6879786004333655,0.73018197859455225,0.0422033781611868,Bray-Curtis,carabidae_pitfall,species_observed_rare_weighted_10pct,species_error_rare_weighted,species_baseline,species_units,11
mos,1.4239334326062703,1.3025839394284608,-0.12134949317780941,Bray-Curtis,carabidae_pitfall,species_observed_rare_weighted_10pct,species_error_rare_weighted,species_baseline,species_units,11
p_h,1.5813912552609302,1.4268296140542853,-0.15456164120664484,Bray-Curtis,carabidae_pitfall,species_observed_rare_weighted_10pct,species_error_rare_weighted,species_baseline,species_units,11
t360_mean,2.576800215609529,2.4498674533776446,-0.12693276223188432,Bray-Curtis,carabidae_pitfall,species_observed_rare_weighted_10pct,species_error_rare_weighted,species_baseline,species_units,11
Geographic,1.10037895593722,1.0298122663553946,-0.07056668958182533,Sørensen,carabidae_pitfall,species_observed_rare_weighted_10pct,species_error_rare_weighted,species_baseline,species_units,11
mos,1.4474353417529278,1.1495254785570264,-0.2979098631959014,Sørensen,carabidae_pitfall,species_observed_rare_weighted_10pct,species_error_rare_weighted,species_baseline,species_units,11
p_h,1.1851210234201468,1.1109766748963974,-0.0741443485237494,Sørensen,carabidae_pitfall,species_observed_rare_weighted_10pct,species_error_rare_weighted,species_baseline,species_units,11
t360_mean,1.4901384630122485,1.5489266452146373,0.058788182202388795,Sørensen,carabidae_pitfall,species_observed_rare_weighted_10pct,species_error_rare_weighted,species_baseline,species_units,11
Geographic,0.6879786004333655,0.717311866064906,0.029333265631540595,Bray-Curtis,carabidae_pitfall,species_regional_congeneric_10pct,species_error_regional_pool,species_baseline,species_units,11
mos,1.4239334326062703,1.4115756657068146,-0.012357766899455669,Bray-Curtis,carabidae_pitfall,species_regional_congeneric_10pct,species_error_regional_pool,species_baseline,species_units,11
p_h,1.5813912552609302,1.5764492308106177,-0.004942024450312443,Bray-Curtis,carabidae_pitfall,species_regional_congeneric_10pct,species_error_regional_pool,species_baseline,species_units,11
t360_mean,2.576800215609529,2.5111859516216253,-0.0656142639879036,Bray-Curtis,carabidae_pitfall,species_regional_congeneric_10pct,species_error_regional_pool,species_baseline,species_units,11
Geographic,1.10037895593722,1.444135114197055,0.3437561582598352,Sørensen,carabidae_pitfall,species_regional_congeneric_10pct,species_error_regional_pool,species_baseline,species_units,11
mos,1.4474353417529278,1.3293044869437425,-0.11813085480918528,Sørensen,carabidae_pitfall,species_regional_congeneric_10pct,species_error_regional_pool,species_baseline,species_units,11
p_h,1.1851210234201468,1.306943388061581,0.12182236464143426,Sørensen,carabidae_pitfall,species_regional_congeneric_10pct,species_error_regional_pool,species_baseline,species_units,11
t360_mean,1.4901384630122485,1.407346000748018,-0.08279246226423043,Sørensen,carabidae_pitfall,species_regional_congeneric_10pct,species_error_regional_pool,species_baseline,species_units,11
Geographic,0.6879786004333655,0.7906437949547425,0.10266519452137701,Bray-Curtis,carabidae_pitfall,species_observed_congeneric_10pct,species_error_observed_pool,species_baseline,species_units,12
mos,1.4239334326062703,0.9484131694790876,-0.47552026312718265,Bray-Curtis,carabidae_pitfall,species_observed_congeneric_10pct,species_error_observed_pool,species_baseline,species_units,12
p_h,1.5813912552609302,1.5271024921535166,-0.054288763107413596,Bray-Curtis,carabidae_pitfall,species_observed_congeneric_10pct,species_error_observed_pool,species_baseline,species_units,12
t360_mean,2.576800215609529,2.2043316766462153,-0.37246853896331356,Bray-Curtis,carabidae_pitfall,species_observed_congeneric_10pct,species_error_observed_pool,species_baseline,species_units,12
Geographic,1.10037895593722,0.9414998596937645,-0.15887909624345542,Sørensen,carabidae_pitfall,species_observed_congeneric_10pct,species_error_observed_pool,species_baseline,species_units,12
mos,1.4474353417529278,1.1244122347127088,-0.32302310704021897,Sørensen,carabidae_pitfall,species_observed_congeneric_10pct,species_error_observed_pool,species_baseline,species_units,12
p_h,1.1851210234201468,1.1839372425808863,-0.0011837808392605176,Sørensen,carabidae_pitfall,species_observed_congeneric_10pct,species_error_observed_pool,species_baseline,species_units,12
t360_mean,1.4901384630122485,1.1740845794239985,-0.31605388358825004,Sørensen,carabidae_pitfall,species_observed_congeneric_10pct,species_error_observed_pool,species_baseline,species_units,12
Geographic,0.6879786004333655,0.8115341838616444,0.12355558342827899,Bray-Curtis,carabidae_pitfall,species_observed_rare_weighted_10pct,species_error_rare_weighted,species_baseline,species_units,12
mos,1.4239334326062703,1.3223082864669098,-0.10162514613936047,Bray-Curtis,carabidae_pitfall,species_observed_rare_weighted_10pct,species_error_rare_weighted,species_baseline,species_units,12
p_h,1.5813912552609302,1.4946089194796581,-0.08678233578127204,Bray-Curtis,carabidae_pitfall,species_observed_rare_weighted_10pct,species_error_rare_weighted,species_baseline,species_units,12
t360_mean,2.576800215609529,1.8355316121130254,-0.7412686034965035,Bray-Curtis,carabidae_pitfall,species_observed_rare_weighted_10pct,species_error_rare_weighted,species_baseline,species_units,12
Geographic,1.10037895593722,1.2871776888888542,0.1867987329516343,Sørensen,carabidae_pitfall,species_observed_rare_weighted_10pct,species_error_rare_weighted,species_baseline,species_units,12
mos,1.4474353417529278,1.1635920387199934,-0.28384330303293437,Sørensen,carabidae_pitfall,species_observed_rare_weighted_10pct,species_error_rare_weighted,species_baseline,species_units,12
p_h,1.1851210234201468,1.105975307398066,-0.07914571602208076,Sørensen,carabidae_pitfall,species_observed_rare_weighted_10pct,species_error_rare_weighted,species_baseline,species_units,12
t360_mean,1.4901384630122485,1.026015130342115,-0.4641233326701335,Sørensen,carabidae_pitfall,species_observed_rare_weighted_10pct,species_error_rare_weighted,species_baseline,species_units,12
Geographic,0.6879786004333655,0.7389676810944992,0.05098908066113372,Bray-Curtis,carabidae_pitfall,species_regional_congeneric_10pct,species_error_regional_pool,species_baseline,species_units,12
mos,1.4239334326062703,1.3711101510044723,-0.052823281601797945,Bray-Curtis,carabidae_pitfall,species_regional_congeneric_10pct,species_error_regional_pool,species_baseline,species_units,12
p_h,1.5813912552609302,1.5519292160896327,-0.029462039171297416,Bray-Curtis,carabidae_pitfall,species_regional_congeneric_10pct,species_error_regional_pool,species_baseline,species_units,12
t360_mean,2.576800215609529,2.53442571439203,-0.04237450121749875,Bray-Curtis,carabidae_pitfall,species_regional_congeneric_10pct,species_error_regional_pool,species_baseline,species_units,12
Geographic,1.10037895593722,1.3835418470287242,0.2831628910915043,Sørensen,carabidae_pitfall,species_regional_congeneric_10pct,species_error_regional_pool,species_baseline,species_units,12
mos,1.4474353417529278,1.5141791276395482,0.06674378588662044,Sørensen,carabidae_pitfall,species_regional_congeneric_10pct,species_error_regional_pool,species_baseline,species_units,12
p_h,1.1851210234201468,1.1535372856515458,-0.03158373776860102,Sørensen,carabidae_pitfall,species_regional_congeneric_10pct,species_error_regional_pool,species_baseline,species_units,12
t360_mean,1.4901384630122485,1.434449200438669,-0.05568926257357942,Sørensen,carabidae_pitfall,species_regional_congeneric_10pct,species_error_regional_pool,species_baseline,species_units,12
