taxon_unit,cd_ref,accepted_name,genus,family,observed_in_assemblage,candidate_origin
species:cdref:227465,227465,Adenomeris gibbosa,Adenomeris,Glomeridae,FALSE,TAXREF_mainland
species:cdref:227466,227466,Adenomeris hispida,Adenomeris,Glomeridae,FALSE,TAXREF_mainland
species:cdnom:227618,227618,Allajulus nitidus,Allajulus,Julidae,TRUE,observed_RMQS
species:cdref:227488,227488,Anamastigona pulchella,Anamastigona,Anthroleucosomatidae,FALSE,TAXREF_mainland
species:cdref:965642,965642,Anthogona variegatum,Anthogona,Anthogonidae,FALSE,TAXREF_mainland
species:cdref:227590,227590,Archiboreoiulus pallidus,Archiboreoiulus,Blaniulidae,FALSE,TAXREF_mainland
species:cdref:227591,227591,Archiboreoiulus sollaudi,Archiboreoiulus,Blaniulidae,FALSE,TAXREF_mainland
species:cdref:976250,976250,Archichoneiulus brevicornis,Archichoneiulus,Blaniulidae,FALSE,TAXREF_mainland
species:cdref:227689,227689,Archipolydesmus ribauti,Archipolydesmus,Polydesmidae,FALSE,TAXREF_mainland
species:cdref:965780,965780,Atractosoma unicolor,Atractosoma,Craspedosomatidae,FALSE,TAXREF_mainland
species:cdref:887306,887306,Autaretia aliciae,Autaretia,Craspedosomatidae,FALSE,TAXREF_mainland
species:cdref:227592,227592,Blaniulus dollfusi,Blaniulus,Blaniulidae,FALSE,TAXREF_mainland
species:cdnom:227593,227593,Blaniulus guttulatus,Blaniulus,Blaniulidae,TRUE,observed_RMQS
species:cdref:227594,227594,Blaniulus lichtensteini,Blaniulus,Blaniulidae,FALSE,TAXREF_mainland
species:cdref:227596,227596,Blaniulus mayeti,Blaniulus,Blaniulidae,FALSE,TAXREF_mainland
species:cdref:227597,227597,Blaniulus orientalis,Blaniulus,Blaniulidae,FALSE,TAXREF_mainland
species:cdref:227598,227598,Blaniulus troglobius,Blaniulus,Blaniulidae,FALSE,TAXREF_mainland
species:cdref:227600,227600,Blaniulus velatus,Blaniulus,Blaniulidae,FALSE,TAXREF_mainland
species:cdref:227601,227601,Blaniulus virei,Blaniulus,Blaniulidae,FALSE,TAXREF_mainland
species:cdref:227603,227603,Boreoiulus tenuis,Boreoiulus,Blaniulidae,FALSE,TAXREF_mainland
species:cdref:227491,227491,Brachychaeteuma bagnalli,Brachychaeteuma,Brachychaeteumatidae,FALSE,TAXREF_mainland
species:cdref:227492,227492,Brachychaeteuma bradeae,Brachychaeteuma,Brachychaeteumatidae,FALSE,TAXREF_mainland
species:cdref:227493,227493,Brachychaeteuma caduriense,Brachychaeteuma,Brachychaeteumatidae,FALSE,TAXREF_mainland
species:cdref:227494,227494,Brachychaeteuma furcatum,Brachychaeteuma,Brachychaeteumatidae,FALSE,TAXREF_mainland
species:cdref:885337,885337,Brachychaeteuma herrioti,Brachychaeteuma,Brachychaeteumatidae,FALSE,TAXREF_mainland
species:cdref:227495,227495,Brachychaeteuma melanops,Brachychaeteuma,Brachychaeteumatidae,FALSE,TAXREF_mainland
species:cdref:227496,227496,Brachychaeteuma peniculatum,Brachychaeteuma,Brachychaeteumatidae,FALSE,TAXREF_mainland
species:cdref:227497,227497,Brachychaeteuma plumosum,Brachychaeteuma,Brachychaeteumatidae,FALSE,TAXREF_mainland
species:cdref:227498,227498,Brachychaeteuma provinciale,Brachychaeteuma,Brachychaeteumatidae,FALSE,TAXREF_mainland
species:cdref:227690,227690,Brachydesmus exiguus,Brachydesmus,Polydesmidae,FALSE,TAXREF_mainland
species:cdref:227691,227691,Brachydesmus proximus,Brachydesmus,Polydesmidae,FALSE,TAXREF_mainland
species:cdref:1030772,1030772,Brachydesmus subterraneus,Brachydesmus,Polydesmidae,FALSE,TAXREF_mainland
species:cdnom:227692,227692,Brachydesmus superus,Brachydesmus,Polydesmidae,TRUE,observed_RMQS
species:cdref:227620,227620,Brachyiulus lusitanus,Brachyiulus,Julidae,FALSE,TAXREF_mainland
species:cdnom:227621,227621,Brachyiulus pusillus,Brachyiulus,Julidae,TRUE,observed_RMQS
species:cdref:227563,227563,Broelemanneuma gineti,Broelemanneuma,Craspedosomatidae,FALSE,TAXREF_mainland
species:cdref:227564,227564,Broelemanneuma palmatum,Broelemanneuma,Craspedosomatidae,FALSE,TAXREF_mainland
species:cdref:227565,227565,Broelemanneuma pectiniger,Broelemanneuma,Craspedosomatidae,FALSE,TAXREF_mainland
species:cdref:227476,227476,Callipus corsicus,Callipus,Callipodidae,FALSE,TAXREF_mainland
species:cdref:227477,227477,Callipus foetidissimus,Callipus,Callipodidae,FALSE,TAXREF_mainland
species:cdref:227489,227489,Camptogona delamarei,Camptogona,Anthroleucosomatidae,FALSE,TAXREF_mainland
species:cdref:227490,227490,Camptogona duboscqui,Camptogona,Anthroleucosomatidae,FALSE,TAXREF_mainland
species:cdref:227540,227540,Ceratosphys amoena,Ceratosphys,Opisthocheiridae,FALSE,TAXREF_mainland
species:cdref:965645,965645,Ceratosphys amoena,Ceratosphys,Opisthocheiridae,FALSE,TAXREF_mainland
species:cdref:965646,965646,Ceratosphys amoena,Ceratosphys,Opisthocheiridae,FALSE,TAXREF_mainland
species:cdref:227541,227541,Ceratosphys banyulensis,Ceratosphys,Opisthocheiridae,FALSE,TAXREF_mainland
species:cdref:227542,227542,Ceratosphys guttata,Ceratosphys,Opisthocheiridae,FALSE,TAXREF_mainland
species:cdref:227543,227543,Ceratosphys nivium,Ceratosphys,Opisthocheiridae,FALSE,TAXREF_mainland
species:cdref:400405,400405,Ceratosphys occidentalis,Ceratosphys,Opisthocheiridae,FALSE,TAXREF_mainland
species:cdref:227544,227544,Ceratosphys picta,Ceratosphys,Opisthocheiridae,FALSE,TAXREF_mainland
species:cdref:227545,227545,Ceratosphys simoni,Ceratosphys,Opisthocheiridae,FALSE,TAXREF_mainland
species:cdref:227546,227546,Ceratosphys vandeli,Ceratosphys,Opisthocheiridae,FALSE,TAXREF_mainland
species:cdref:227499,227499,Chamaesoma broelemanni,Chamaesoma,Chamaesomatidae,FALSE,TAXREF_mainland
species:cdref:227604,227604,Choneiulus palmatus,Choneiulus,Blaniulidae,FALSE,TAXREF_mainland
species:cdref:227605,227605,Choneiulus subterraneus,Choneiulus,Blaniulidae,FALSE,TAXREF_mainland
species:cdref:227510,227510,Chordeuma consoranense,Chordeuma,Chordeumatidae,FALSE,TAXREF_mainland
species:cdref:227511,227511,Chordeuma iluronense,Chordeuma,Chordeumatidae,FALSE,TAXREF_mainland
species:cdref:227512,227512,Chordeuma inornatum,Chordeuma,Chordeumatidae,FALSE,TAXREF_mainland
species:cdref:227513,227513,Chordeuma intermedium,Chordeuma,Chordeumatidae,FALSE,TAXREF_mainland
species:cdref:227514,227514,Chordeuma montanum,Chordeuma,Chordeumatidae,FALSE,TAXREF_mainland
species:cdref:227515,227515,Chordeuma muticum,Chordeuma,Chordeumatidae,FALSE,TAXREF_mainland
species:cdref:227516,227516,Chordeuma proximum,Chordeuma,Chordeumatidae,FALSE,TAXREF_mainland
species:cdref:227517,227517,Chordeuma reflexum,Chordeuma,Chordeumatidae,FALSE,TAXREF_mainland
species:cdref:227518,227518,Chordeuma sylvestre,Chordeuma,Chordeumatidae,FALSE,TAXREF_mainland
species:cdref:227519,227519,Chordeuma trifidum,Chordeuma,Chordeumatidae,FALSE,TAXREF_mainland
species:cdref:227520,227520,Chordeuma utriculosum,Chordeuma,Chordeumatidae,FALSE,TAXREF_mainland
species:cdref:227521,227521,Chordeuma vasconicum,Chordeuma,Chordeumatidae,FALSE,TAXREF_mainland
species:cdref:227566,227566,Corsicosoma legeri,Corsicosoma,Craspedosomatidae,FALSE,TAXREF_mainland
species:cdref:227479,227479,Cranogona dalensi,Cranogona,Anthogonidae,FALSE,TAXREF_mainland
species:cdref:227480,227480,Cranogona delicata,Cranogona,Anthogonidae,FALSE,TAXREF_mainland
species:cdref:227481,227481,Cranogona denticulata,Cranogona,Anthogonidae,FALSE,TAXREF_mainland
species:cdref:227482,227482,Cranogona orientale,Cranogona,Anthogonidae,FALSE,TAXREF_mainland
species:cdref:227483,227483,Cranogona pavida,Cranogona,Anthogonidae,FALSE,TAXREF_mainland
species:cdref:227484,227484,Cranogona touyaensis,Cranogona,Anthogonidae,FALSE,TAXREF_mainland
species:cdref:227485,227485,Cranogona uncinata,Cranogona,Anthogonidae,FALSE,TAXREF_mainland
species:cdref:227486,227486,Cranogona vasconicum,Cranogona,Anthogonidae,FALSE,TAXREF_mainland
species:cdref:1038700,1038700,Craspedosoma raulinsii,Craspedosoma,Craspedosomatidae,FALSE,TAXREF_mainland
species:cdref:227568,227568,Craspedosoma taurinorum,Craspedosoma,Craspedosomatidae,FALSE,TAXREF_mainland
species:cdref:227569,227569,Crossosoma brolemanni,Crossosoma,Craspedosomatidae,FALSE,TAXREF_mainland
species:cdref:227570,227570,Crossosoma cavernicola,Crossosoma,Craspedosomatidae,FALSE,TAXREF_mainland
species:cdref:288041,288041,Crossosoma mauriesi,Crossosoma,Craspedosomatidae,FALSE,TAXREF_mainland
species:cdref:227571,227571,Crossosoma peyerimhoffi,Crossosoma,Craspedosomatidae,FALSE,TAXREF_mainland
species:cdref:887966,887966,Cylindroiulus britannicus,Cylindroiulus,Julidae,FALSE,TAXREF_mainland
species:cdnom:227623,227623,Cylindroiulus caeruleocinctus,Cylindroiulus,Julidae,TRUE,observed_RMQS
species:cdnom:227626,227626,Cylindroiulus latestriatus,Cylindroiulus,Julidae,TRUE,observed_RMQS
species:cdref:227627,227627,Cylindroiulus limitaneus,Cylindroiulus,Julidae,FALSE,TAXREF_mainland
species:cdnom:227628,227628,Cylindroiulus londinensis,Cylindroiulus,Julidae,TRUE,observed_RMQS
species:cdref:227629,227629,Cylindroiulus parisiorum,Cylindroiulus,Julidae,FALSE,TAXREF_mainland
species:cdref:227630,227630,Cylindroiulus punctatus,Cylindroiulus,Julidae,FALSE,TAXREF_mainland
species:cdref:227632,227632,Cylindroiulus schubarti,Cylindroiulus,Julidae,FALSE,TAXREF_mainland
species:cdref:64871,64871,Cylindroiulus segregatus,Cylindroiulus,Julidae,FALSE,TAXREF_mainland
species:cdref:227635,227635,Cylindroiulus vulnerarius,Cylindroiulus,Julidae,FALSE,TAXREF_mainland
species:cdref:1003418,1003418,Cylindroiulus zinalensis,Cylindroiulus,Julidae,FALSE,TAXREF_mainland
species:cdref:227537,227537,Cyrnosoma beroni,Cyrnosoma,Cyrnosomatidae,FALSE,TAXREF_mainland
species:cdref:227538,227538,Cyrnosoma coineaui,Cyrnosoma,Cyrnosomatidae,FALSE,TAXREF_mainland
species:cdref:227539,227539,Cyrnosoma strasseri,Cyrnosoma,Cyrnosomatidae,FALSE,TAXREF_mainland
species:cdref:227678,227678,Devillea tuberculata,Devillea,Xystodesmidae,FALSE,TAXREF_mainland
species:cdref:227467,227467,Doderia genuensis,Doderia,Glomeridae,FALSE,TAXREF_mainland
species:cdref:227468,227468,Doderia remyi,Doderia,Glomeridae,FALSE,TAXREF_mainland
species:cdref:227637,227637,Enantiulus armatus,Enantiulus,Julidae,FALSE,TAXREF_mainland
species:cdref:227638,227638,Enantiulus nanus,Enantiulus,Julidae,FALSE,TAXREF_mainland
species:cdref:227487,227487,Escualdosoma gourbaultae,Escualdosoma,Anthogonidae,FALSE,TAXREF_mainland
species:cdref:227693,227693,Eumastigonodesmus bonci,Eumastigonodesmus,Polydesmidae,FALSE,TAXREF_mainland
species:cdref:1017140,1017140,Eurygyrus muscorum,Eurygyrus,Schizopetalidae,FALSE,TAXREF_mainland
species:cdref:227606,227606,Euzkadiulus sarensis,Euzkadiulus,Blaniulidae,FALSE,TAXREF_mainland
species:cdref:227472,227472,Fioria tuberculata,Fioria,Andrognathidae,FALSE,TAXREF_mainland
species:cdnom:227588,227588,Galliobates gracilis,Galliobates,Galliobatidae,TRUE,observed_RMQS
species:cdref:227685,227685,Galliocookia balazuci,Galliocookia,Polydesmidae,FALSE,TAXREF_mainland
species:cdref:227683,227683,Galliocookia fagei,Galliocookia,Polydesmidae,FALSE,TAXREF_mainland
species:cdref:227684,227684,Galliocookia leclerci,Galliocookia,Polydesmidae,FALSE,TAXREF_mainland
species:cdref:227448,227448,Geoglomeris duboscqui,Geoglomeris,Glomeridae,FALSE,TAXREF_mainland
species:cdref:227449,227449,Geoglomeris granulosa,Geoglomeris,Glomeridae,FALSE,TAXREF_mainland
species:cdref:227450,227450,Geoglomeris provincialis,Geoglomeris,Glomeridae,FALSE,TAXREF_mainland
species:cdref:227451,227451,Geoglomeris subterranea,Geoglomeris,Glomeridae,FALSE,TAXREF_mainland
species:cdref:227446,227446,Glomeridella kervillei,Glomeridella,Glomeridellidae,FALSE,TAXREF_mainland
species:cdref:64857,64857,Glomeris annulata,Glomeris,Glomeridae,FALSE,TAXREF_mainland
species:cdref:227452,227452,Glomeris connexa,Glomeris,Glomeridae,FALSE,TAXREF_mainland
species:cdref:400367,400367,Glomeris esterelana,Glomeris,Glomeridae,FALSE,TAXREF_mainland
species:cdref:64858,64858,Glomeris guttata,Glomeris,Glomeridae,FALSE,TAXREF_mainland
species:cdref:227453,227453,Glomeris helvetica,Glomeris,Glomeridae,FALSE,TAXREF_mainland
species:cdnom:227454,227454,Glomeris intermedia,Glomeris,Glomeridae,TRUE,observed_RMQS
species:cdref:227457,227457,Glomeris klugii,Glomeris,Glomeridae,FALSE,TAXREF_mainland
species:cdref:894207,894207,Glomeris ligurica,Glomeris,Glomeridae,FALSE,TAXREF_mainland
species:cdnom:64859,64859,Glomeris marginata,Glomeris,Glomeridae,TRUE,observed_RMQS
species:cdref:227455,227455,Glomeris pustulata,Glomeris,Glomeridae,FALSE,TAXREF_mainland
species:cdref:227456,227456,Glomeris transalpina,Glomeris,Glomeridae,FALSE,TAXREF_mainland
species:cdnom:227458,227458,Glomeris valesiaca,Glomeris,Glomeridae,TRUE,observed_RMQS
species:cdref:227530,227530,Haasea flavescens,Haasea,Haaseidae,FALSE,TAXREF_mainland
species:cdref:227639,227639,Haplopodoiulus spathifer,Haplopodoiulus,Julidae,FALSE,TAXREF_mainland
species:cdref:227572,227572,Helvetiosoma arvernum,Helvetiosoma,Craspedosomatidae,FALSE,TAXREF_mainland
species:cdref:227474,227474,Hirudisoma latum,Hirudisoma,Hirudisomatidae,FALSE,TAXREF_mainland
species:cdref:1038287,1038287,Hirudisoma trivittatum,Hirudisoma,Hirudisomatidae,FALSE,TAXREF_mainland
species:cdref:227547,227547,Hispaniosoma racovitzai,Hispaniosoma,Opisthocheiridae,FALSE,TAXREF_mainland
species:cdref:227557,227557,Hypnosoma exornatum,Hypnosoma,Vandeleumatidae,FALSE,TAXREF_mainland
species:cdref:227558,227558,Hypnosoma juberthieorum,Hypnosoma,Vandeleumatidae,FALSE,TAXREF_mainland
species:cdref:227559,227559,Hypnosoma pallidum,Hypnosoma,Vandeleumatidae,FALSE,TAXREF_mainland
species:cdref:227573,227573,Iulogona tirolensis,Iulogona,Craspedosomatidae,FALSE,TAXREF_mainland
species:cdref:227574,227574,Janetschekella valesiaca,Janetschekella,Craspedosomatidae,FALSE,TAXREF_mainland
species:cdnom:227641,227641,Julus scandinavius,Julus,Julidae,TRUE,observed_RMQS
species:cdref:227643,227643,Leptoiulus belgicus,Leptoiulus,Julidae,FALSE,TAXREF_mainland
species:cdref:227644,227644,Leptoiulus bertkaui,Leptoiulus,Julidae,FALSE,TAXREF_mainland
species:cdref:227646,227646,Leptoiulus bruyanti,Leptoiulus,Julidae,FALSE,TAXREF_mainland
species:cdref:227648,227648,Leptoiulus garumnicus,Leptoiulus,Julidae,FALSE,TAXREF_mainland
species:cdref:936486,936486,Leptoiulus helveticus,Leptoiulus,Julidae,FALSE,TAXREF_mainland
species:cdref:227650,227650,Leptoiulus juvenilis,Leptoiulus,Julidae,FALSE,TAXREF_mainland
species:cdref:227651,227651,Leptoiulus kervillei,Leptoiulus,Julidae,FALSE,TAXREF_mainland
species:cdref:227652,227652,Leptoiulus legeri,Leptoiulus,Julidae,FALSE,TAXREF_mainland
species:cdref:227654,227654,Leptoiulus montivagus,Leptoiulus,Julidae,FALSE,TAXREF_mainland
species:cdref:227655,227655,Leptoiulus piceus,Leptoiulus,Julidae,FALSE,TAXREF_mainland
species:cdref:227657,227657,Leptoiulus simplex,Leptoiulus,Julidae,FALSE,TAXREF_mainland
species:cdref:227659,227659,Leptoiulus uncinatus,Leptoiulus,Julidae,FALSE,TAXREF_mainland
species:cdref:227459,227459,Loboglomeris pyrenaica,Loboglomeris,Glomeridae,FALSE,TAXREF_mainland
species:cdref:227460,227460,Loboglomeris rugifera,Loboglomeris,Glomeridae,FALSE,TAXREF_mainland
species:cdref:227443,227443,Lophoproctinus inferus,Lophoproctinus,Lophoproctidae,FALSE,TAXREF_mainland
species:cdref:287600,287600,Lophoproctus coecus,Lophoproctus,Lophoproctidae,FALSE,TAXREF_mainland
species:cdref:227444,227444,Lophoproctus jeanneli,Lophoproctus,Lophoproctidae,FALSE,TAXREF_mainland
species:cdref:227445,227445,Lophoproctus lucidus,Lophoproctus,Lophoproctidae,FALSE,TAXREF_mainland
species:cdref:227686,227686,Macrosternodesmus palicola,Macrosternodesmus,Macrosternodesmidae,FALSE,TAXREF_mainland
species:cdref:988082,988082,Marboreuma brouquissei,Marboreuma,Chamaesomatidae,FALSE,TAXREF_mainland
species:cdref:227550,227550,Marquetiella auriculata,Marquetiella,Opisthocheiridae,FALSE,TAXREF_mainland
species:cdref:227548,227548,Marquetiella lunata,Marquetiella,Opisthocheiridae,FALSE,TAXREF_mainland
species:cdref:227549,227549,Marquetiella pyrenaica,Marquetiella,Opisthocheiridae,FALSE,TAXREF_mainland
species:cdref:227694,227694,Mastigonodesmus destefanii,Mastigonodesmus,Polydesmidae,FALSE,TAXREF_mainland
species:cdref:227695,227695,Mastigonodesmus fagniezi,Mastigonodesmus,Polydesmidae,FALSE,TAXREF_mainland
species:cdref:227696,227696,Mastigonodesmus lopezi,Mastigonodesmus,Polydesmidae,FALSE,TAXREF_mainland
species:cdref:1025917,1025917,Maurieseuma nontronense,Maurieseuma,Haaseidae,FALSE,TAXREF_mainland
species:cdnom:227522,227522,Melogona gallica,Melogona,Chordeumatidae,TRUE,observed_RMQS
species:cdref:227523,227523,Melogona scutellaris,Melogona,Chordeumatidae,FALSE,TAXREF_mainland
species:cdref:227607,227607,Mesoblaniulus serrula,Mesoblaniulus,Blaniulidae,FALSE,TAXREF_mainland
species:cdref:942628,942628,Mesoiulus cavernarum,Mesoiulus,Julidae,FALSE,TAXREF_mainland
species:cdref:288158,288158,Monacobates monoecensis,Monacobates,Blaniulidae,FALSE,TAXREF_mainland
species:cdref:227524,227524,Mycogona germanica,Mycogona,Chordeumatidae,FALSE,TAXREF_mainland
species:cdref:227575,227575,Nanogona balazuci,Nanogona,Craspedosomatidae,FALSE,TAXREF_mainland
species:cdref:227576,227576,Nanogona cebennica,Nanogona,Craspedosomatidae,FALSE,TAXREF_mainland
species:cdref:227577,227577,Nanogona davidi,Nanogona,Craspedosomatidae,FALSE,TAXREF_mainland
species:cdref:227578,227578,Nanogona digitata,Nanogona,Craspedosomatidae,FALSE,TAXREF_mainland
species:cdref:227579,227579,Nanogona polydesmoides,Nanogona,Craspedosomatidae,FALSE,TAXREF_mainland
species:cdref:227580,227580,Nanogona uncinata,Nanogona,Craspedosomatidae,FALSE,TAXREF_mainland
species:cdref:227613,227613,Nemasoma varicorne,Nemasoma,Nemasomatidae,FALSE,TAXREF_mainland
species:cdref:227608,227608,Nopoiulus kochii,Nopoiulus,Blaniulidae,FALSE,TAXREF_mainland
species:cdnom:227609,227609,Occitaniulus rouchi,Occitaniulus,Blaniulidae,TRUE,observed_RMQS
species:cdref:227682,227682,Occitanocookia hirsuta,Occitanocookia,Trichopolydesmidae,FALSE,TAXREF_mainland
species:cdref:227581,227581,Ochogona gallitarum,Ochogona,Craspedosomatidae,FALSE,TAXREF_mainland
species:cdref:227661,227661,Ommatoiulus albolineatus,Ommatoiulus,Julidae,FALSE,TAXREF_mainland
species:cdref:288486,288486,Ommatoiulus bipartitus,Ommatoiulus,Julidae,FALSE,TAXREF_mainland
species:cdref:227662,227662,Ommatoiulus corsicus,Ommatoiulus,Julidae,FALSE,TAXREF_mainland
species:cdref:227665,227665,Ommatoiulus imminutus,Ommatoiulus,Julidae,FALSE,TAXREF_mainland
species:cdref:227667,227667,Ommatoiulus rutilans,Ommatoiulus,Julidae,FALSE,TAXREF_mainland
species:cdnom:227668,227668,Ommatoiulus sabulosus,Ommatoiulus,Julidae,TRUE,observed_RMQS
species:cdref:919802,919802,Ommatoiulus sabulosus,Ommatoiulus,Julidae,FALSE,TAXREF_mainland
species:cdref:227461,227461,Onychoglomeris castanea,Onychoglomeris,Glomeridae,FALSE,TAXREF_mainland
species:cdnom:227687,227687,Ophiodesmus albonanus,Ophiodesmus,Macrosternodesmidae,TRUE,observed_RMQS
species:cdref:227669,227669,Ophyiulus bastiensis,Ophyiulus,Julidae,FALSE,TAXREF_mainland
species:cdref:227671,227671,Ophyiulus corsicus,Ophyiulus,Julidae,FALSE,TAXREF_mainland
species:cdref:227673,227673,Ophyiulus pilosus,Ophyiulus,Julidae,FALSE,TAXREF_mainland
species:cdref:227674,227674,Ophyiulus renosensis,Ophyiulus,Julidae,FALSE,TAXREF_mainland
species:cdref:227551,227551,Opisthocheiron canayerensis,Opisthocheiron,Opisthocheiridae,FALSE,TAXREF_mainland
species:cdref:227552,227552,Opisthocheiron cornutum,Opisthocheiron,Opisthocheiridae,FALSE,TAXREF_mainland
species:cdref:227553,227553,Opisthocheiron elegans,Opisthocheiron,Opisthocheiridae,FALSE,TAXREF_mainland
species:cdref:227554,227554,Opisthocheiron fallax,Opisthocheiron,Opisthocheiridae,FALSE,TAXREF_mainland
species:cdref:227555,227555,Opisthocheiron lacazei,Opisthocheiron,Opisthocheiridae,FALSE,TAXREF_mainland
species:cdref:227556,227556,Opisthocheiron penicillatum,Opisthocheiron,Opisthocheiridae,FALSE,TAXREF_mainland
species:cdref:227500,227500,Origmatogona kimeorum,Origmatogona,Origmatogonidae,FALSE,TAXREF_mainland
species:cdref:227525,227525,Orthochordeumella fulva,Orthochordeumella,Chordeumatidae,FALSE,TAXREF_mainland
species:cdref:227526,227526,Orthochordeumella leclerci,Orthochordeumella,Chordeumatidae,FALSE,TAXREF_mainland
species:cdref:227527,227527,Orthochordeumella pallida,Orthochordeumella,Chordeumatidae,FALSE,TAXREF_mainland
species:cdref:227528,227528,Orthochordeumella pyrenaica,Orthochordeumella,Chordeumatidae,FALSE,TAXREF_mainland
species:cdref:888026,888026,Pachyiulus flavipes,Pachyiulus,Julidae,FALSE,TAXREF_mainland
species:cdref:888027,888027,Pachyiulus oenologus,Pachyiulus,Julidae,FALSE,TAXREF_mainland
species:cdref:227675,227675,Pachyiulus varius,Pachyiulus,Julidae,FALSE,TAXREF_mainland
species:cdref:227529,227529,Parachordeuma broelemanni,Parachordeuma,Chordeumatidae,FALSE,TAXREF_mainland
species:cdref:1027131,1027131,Paraspirobolus lucifugus,Paraspirobolus,Spirobolellidae,FALSE,TAXREF_mainland
species:cdnom:64877,64877,Polydesmus angustus,Polydesmus,Polydesmidae,TRUE,observed_RMQS
species:cdref:227697,227697,Polydesmus asthenestatus,Polydesmus,Polydesmidae,FALSE,TAXREF_mainland
species:cdref:227698,227698,Polydesmus barberii,Polydesmus,Polydesmidae,FALSE,TAXREF_mainland
species:cdnom:227699,227699,Polydesmus coriaceus,Polydesmus,Polydesmidae,TRUE,observed_RMQS
species:cdref:955450,955450,Polydesmus corsicus,Polydesmus,Polydesmidae,FALSE,TAXREF_mainland
species:cdnom:227700,227700,Polydesmus denticulatus,Polydesmus,Polydesmidae,TRUE,observed_RMQS
species:cdref:227701,227701,Polydesmus geoffroyi,Polydesmus,Polydesmidae,FALSE,TAXREF_mainland
species:cdref:227702,227702,Polydesmus incisus,Polydesmus,Polydesmidae,FALSE,TAXREF_mainland
species:cdnom:227703,227703,Polydesmus inconstans,Polydesmus,Polydesmidae,TRUE,observed_RMQS
species:cdref:955455,955455,Polydesmus mistrei,Polydesmus,Polydesmidae,FALSE,TAXREF_mainland
species:cdref:227704,227704,Polydesmus niveus,Polydesmus,Polydesmidae,FALSE,TAXREF_mainland
species:cdref:955457,955457,Polydesmus plicatus,Polydesmus,Polydesmidae,FALSE,TAXREF_mainland
species:cdref:227705,227705,Polydesmus progressus,Polydesmus,Polydesmidae,FALSE,TAXREF_mainland
species:cdref:885344,885344,Polydesmus racovitzai,Polydesmus,Polydesmidae,FALSE,TAXREF_mainland
species:cdref:227706,227706,Polydesmus raffardi,Polydesmus,Polydesmidae,FALSE,TAXREF_mainland
species:cdref:227707,227707,Polydesmus taranus,Polydesmus,Polydesmidae,FALSE,TAXREF_mainland
species:cdref:227441,227441,Polyxenus albus,Polyxenus,Polyxenidae,FALSE,TAXREF_mainland
species:cdref:64854,64854,Polyxenus lagurus,Polyxenus,Polyxenidae,FALSE,TAXREF_mainland
species:cdref:287596,287596,Polyxenus lapidicola,Polyxenus,Polyxenidae,FALSE,TAXREF_mainland
species:cdref:227442,227442,Polyxenus macedonicus,Polyxenus,Polyxenidae,FALSE,TAXREF_mainland
species:cdnom:227473,227473,Polyzonium germanicum,Polyzonium,Polyzoniidae,TRUE,observed_RMQS
species:cdref:227709,227709,Propolydesmus germanicus,Propolydesmus,Polydesmidae,FALSE,TAXREF_mainland
species:cdref:227710,227710,Propolydesmus helveticus,Propolydesmus,Polydesmidae,FALSE,TAXREF_mainland
species:cdnom:227714,227714,Propolydesmus testaceus,Propolydesmus,Polydesmidae,TRUE,observed_RMQS
species:cdref:227715,227715,Propolydesmus troglobius,Propolydesmus,Polydesmidae,FALSE,TAXREF_mainland
species:cdref:227610,227610,Proteroiulus broelemanni,Proteroiulus,Blaniulidae,FALSE,TAXREF_mainland
species:cdref:227611,227611,Proteroiulus fuscus,Proteroiulus,Blaniulidae,FALSE,TAXREF_mainland
species:cdref:227447,227447,Protoglomeris vasconica,Protoglomeris,Protoglomeridae,FALSE,TAXREF_mainland
species:cdref:227533,227533,Pyreneosoma barbieri,Pyreneosoma,Haplobainosomatidae,FALSE,TAXREF_mainland
species:cdref:227534,227534,Pyreneosoma bessoni,Pyreneosoma,Haplobainosomatidae,FALSE,TAXREF_mainland
species:cdref:785378,785378,Pyreneosoma birosensis,Pyreneosoma,Haplobainosomatidae,FALSE,TAXREF_mainland
species:cdref:785380,785380,Pyreneosoma consoranensis,Pyreneosoma,Haplobainosomatidae,FALSE,TAXREF_mainland
species:cdref:785382,785382,Pyreneosoma convenarensis,Pyreneosoma,Haplobainosomatidae,FALSE,TAXREF_mainland
species:cdref:227535,227535,Pyreneosoma digitatum,Pyreneosoma,Haplobainosomatidae,FALSE,TAXREF_mainland
species:cdref:227536,227536,Pyreneosoma ribauti,Pyreneosoma,Haplobainosomatidae,FALSE,TAXREF_mainland
species:cdref:785383,785383,Pyreneosoma vicdessosensis,Pyreneosoma,Haplobainosomatidae,FALSE,TAXREF_mainland
species:cdref:227582,227582,Pyrgocyphosoma balazuci,Pyrgocyphosoma,Craspedosomatidae,FALSE,TAXREF_mainland
species:cdref:227583,227583,Pyrgocyphosoma dalmazzense,Pyrgocyphosoma,Craspedosomatidae,FALSE,TAXREF_mainland
species:cdref:227584,227584,Pyrgocyphosoma doriae,Pyrgocyphosoma,Craspedosomatidae,FALSE,TAXREF_mainland
species:cdref:785393,785393,Rhymogona hessei,Rhymogona,Craspedosomatidae,FALSE,TAXREF_mainland
species:cdref:227585,227585,Rhymogona montivaga,Rhymogona,Craspedosomatidae,FALSE,TAXREF_mainland
species:cdref:944530,944530,Ribauteuma furcatum,Ribauteuma,Craspedosomatidae,FALSE,TAXREF_mainland
species:cdref:885347,885347,Scutogona alba,Scutogona,Chamaesomatidae,FALSE,TAXREF_mainland
species:cdref:227501,227501,Scutogona jeanneli,Scutogona,Chamaesomatidae,FALSE,TAXREF_mainland
species:cdref:999108,999108,Scutogona muticum,Scutogona,Chamaesomatidae,FALSE,TAXREF_mainland
species:cdref:227586,227586,Semiosoma bordei,Semiosoma,Craspedosomatidae,FALSE,TAXREF_mainland
species:cdref:227587,227587,Semiosoma devillei,Semiosoma,Craspedosomatidae,FALSE,TAXREF_mainland
species:cdref:227462,227462,Spelaeoglomeris alpina,Spelaeoglomeris,Glomeridae,FALSE,TAXREF_mainland
species:cdref:227463,227463,Spelaeoglomeris doderoi,Spelaeoglomeris,Glomeridae,FALSE,TAXREF_mainland
species:cdref:227464,227464,Spelaeoglomeris jeanneli,Spelaeoglomeris,Glomeridae,FALSE,TAXREF_mainland
species:cdref:227680,227680,Stosatea italica,Stosatea,Paradoxosomatidae,FALSE,TAXREF_mainland
species:cdref:1030771,1030771,Strongylosoma bisulcatum,Strongylosoma,Paradoxosomatidae,FALSE,TAXREF_mainland
species:cdnom:227676,227676,Tachypodoiulus niger,Tachypodoiulus,Julidae,TRUE,observed_RMQS
species:cdref:227614,227614,Thalassisobates littoralis,Thalassisobates,Nemasomatidae,FALSE,TAXREF_mainland
species:cdref:227469,227469,Trachysphaera drescoi,Trachysphaera,Glomeridae,FALSE,TAXREF_mainland
species:cdref:227470,227470,Trachysphaera lobata,Trachysphaera,Glomeridae,FALSE,TAXREF_mainland
species:cdref:227471,227471,Trachysphaera pyrenaica,Trachysphaera,Glomeridae,FALSE,TAXREF_mainland
species:cdref:227615,227615,Trichoblaniulus cavernicola,Trichoblaniulus,Trichoblaniulidae,FALSE,TAXREF_mainland
species:cdref:227616,227616,Trichoblaniulus hirsutus,Trichoblaniulus,Trichoblaniulidae,FALSE,TAXREF_mainland
species:cdref:227617,227617,Trichoblaniulus lanuginosus,Trichoblaniulus,Trichoblaniulidae,FALSE,TAXREF_mainland
species:cdref:227677,227677,Typhloiulus sculterorum,Typhloiulus,Julidae,FALSE,TAXREF_mainland
species:cdref:227560,227560,Vandeleuma vasconicum,Vandeleuma,Vandeleumatidae,FALSE,TAXREF_mainland
species:cdref:227612,227612,Vascoblaniulus cabidochei,Vascoblaniulus,Blaniulidae,FALSE,TAXREF_mainland
species:cdref:227502,227502,Vascosoma coiffaiti,Vascosoma,Chamaesomatidae,FALSE,TAXREF_mainland
species:cdref:227503,227503,Vascosoma duprei,Vascosoma,Chamaesomatidae,FALSE,TAXREF_mainland
species:cdref:227531,227531,Xylophageuma zschokkei,Xylophageuma,Haaseidae,FALSE,TAXREF_mainland
species:cdref:227504,227504,Xystrosoma beatense,Xystrosoma,Chamaesomatidae,FALSE,TAXREF_mainland
species:cdref:227505,227505,Xystrosoma cassagnaui,Xystrosoma,Chamaesomatidae,FALSE,TAXREF_mainland
species:cdref:227506,227506,Xystrosoma catalonicum,Xystrosoma,Chamaesomatidae,FALSE,TAXREF_mainland
species:cdref:227507,227507,Xystrosoma muricum,Xystrosoma,Chamaesomatidae,FALSE,TAXREF_mainland
species:cdref:1017148,1017148,Xystrosoma murinum,Xystrosoma,Chamaesomatidae,FALSE,TAXREF_mainland
species:cdref:227508,227508,Xystrosoma pyrenaicum,Xystrosoma,Chamaesomatidae,FALSE,TAXREF_mainland
species:cdref:227509,227509,Xystrosoma tectosagum,Xystrosoma,Chamaesomatidae,FALSE,TAXREF_mainland
